complaint_id,order_id,customer_id,restaurant_id,city_id,city_name,courier_id,courier_name,complaint_category,notes,order_status,reason_cancel,actual_sla_mins,order_value,complaint_flag,is_cancelled
baae8b3c-c1f8-11f0-8e3d-489ebd4daa67,97f78fd8-c1f8-11f0-8e3d-489ebd4daa67,CUS_1_00002,RST_1_011,1,Berlin,COU_1_0922,Courier_COU_1_0922,missing_item,"Auto-generated complaint note",delivered,None,30,27.5,1,0
baae9e9f-c1f8-11f0-8e3d-489ebd4daa67,97f7907e-c1f8-11f0-8e3d-489ebd4daa67,CUS_1_00005,RST_1_011,1,Berlin,COU_1_0922,Courier_COU_1_0922,late_delivery,"Auto-generated complaint note",delivered,None,30,18.55,1,0
baaea07c-c1f8-11f0-8e3d-489ebd4daa67,97f79227-c1f8-11f0-8e3d-489ebd4daa67,CUS_1_00086,RST_1_011,1,Berlin,COU_1_0922,Courier_COU_1_0922,rude_courier,"Auto-generated complaint note",failed,None,33,33.76,1,0
baaea184-c1f8-11f0-8e3d-489ebd4daa67,97f7945e-c1f8-11f0-8e3d-489ebd4daa67,CUS_1_00095,RST_1_011,1,Berlin,COU_1_0922,Courier_COU_1_0922,late_delivery,"Auto-generated complaint note",returned,None,39,29.23,1,0
baaea318-c1f8-11f0-8e3d-489ebd4daa67,97f79ce6-c1f8-11f0-8e3d-489ebd4daa67,CUS_1_00091,RST_1_011,1,Berlin,COU_1_0922,Courier_COU_1_0922,rude_courier,"Auto-generated complaint note",failed,None,25,34.63,1,0
baaea589-c1f8-11f0-8e3d-489ebd4daa67,97f7b85f-c1f8-11f0-8e3d-489ebd4daa67,CUS_1_00077,RST_1_011,1,Berlin,COU_1_0922,Courier_COU_1_0922,rude_courier,"Auto-generated complaint note",delivered,None,36,21.57,1,0
baaea682-c1f8-11f0-8e3d-489ebd4daa67,97f7bb26-c1f8-11f0-8e3d-489ebd4daa67,CUS_1_00020,RST_1_011,1,Berlin,COU_1_0922,Courier_COU_1_0922,late_delivery,"Auto-generated complaint note",cancelled,None,35,44.25,1,1
baaea732-c1f8-11f0-8e3d-489ebd4daa67,97f7bba6-c1f8-11f0-8e3d-489ebd4daa67,CUS_1_00062,RST_1_011,1,Berlin,COU_1_0922,Courier_COU_1_0922,missing_item,"Auto-generated complaint note",delivered,None,26,16.56,1,0
baaea90b-c1f8-11f0-8e3d-489ebd4daa67,97f7d1c3-c1f8-11f0-8e3d-489ebd4daa67,CUS_1_00029,RST_1_011,1,Berlin,COU_1_0922,Courier_COU_1_0922,late_delivery,"Auto-generated complaint note",delivered,None,43,39.31,1,0
baaeaaae-c1f8-11f0-8e3d-489ebd4daa67,97f7e532-c1f8-11f0-8e3d-489ebd4daa67,CUS_1_00082,RST_1_011,1,Berlin,COU_1_0922,Courier_COU_1_0922,late_delivery,"Auto-generated complaint note",returned,None,30,22.43,1,0
baaeab5f-c1f8-11f0-8e3d-489ebd4daa67,97f7e5c0-c1f8-11f0-8e3d-489ebd4daa67,CUS_1_00009,RST_1_011,1,Berlin,COU_1_0922,Courier_COU_1_0922,rude_courier,"Auto-generated complaint note",delivered,None,31,45.73,1,0
baaeac2e-c1f8-11f0-8e3d-489ebd4daa67,97f7e744-c1f8-11f0-8e3d-489ebd4daa67,CUS_1_00007,RST_1_011,1,Berlin,COU_1_0922,Courier_COU_1_0922,missing_item,"Auto-generated complaint note",cancelled,None,39,25.38,1,1
baaead50-c1f8-11f0-8e3d-489ebd4daa67,97f7eb30-c1f8-11f0-8e3d-489ebd4daa67,CUS_1_00094,RST_1_011,1,Berlin,COU_1_0922,Courier_COU_1_0922,rude_courier,"Auto-generated complaint note",cancelled,None,29,30.17,1,1
baaeae3c-c1f8-11f0-8e3d-489ebd4daa67,97f7eda4-c1f8-11f0-8e3d-489ebd4daa67,CUS_1_00100,RST_1_011,1,Berlin,COU_1_0922,Courier_COU_1_0922,late_delivery,"Auto-generated complaint note",failed,None,41,38.72,1,0
baaeaf50-c1f8-11f0-8e3d-489ebd4daa67,97f7f5dc-c1f8-11f0-8e3d-489ebd4daa67,CUS_1_00035,RST_1_011,1,Berlin,COU_1_0922,Courier_COU_1_0922,late_delivery,"Auto-generated complaint note",returned,None,34,31.83,1,0
baaeb05e-c1f8-11f0-8e3d-489ebd4daa67,97f7f9a6-c1f8-11f0-8e3d-489ebd4daa67,CUS_1_00006,RST_1_011,1,Berlin,COU_1_0922,Courier_COU_1_0922,late_delivery,"Auto-generated complaint note",delivered,None,44,30.68,1,0
baaeb1ff-c1f8-11f0-8e3d-489ebd4daa67,97f8026a-c1f8-11f0-8e3d-489ebd4daa67,CUS_1_00049,RST_1_011,1,Berlin,COU_1_0922,Courier_COU_1_0922,late_delivery,"Auto-generated complaint note",returned,None,33,44.9,1,0
baaeb2e9-c1f8-11f0-8e3d-489ebd4daa67,97f804c9-c1f8-11f0-8e3d-489ebd4daa67,CUS_1_00062,RST_1_011,1,Berlin,COU_1_0922,Courier_COU_1_0922,late_delivery,"Auto-generated complaint note",failed,None,42,41.62,1,0
baaeb466-c1f8-11f0-8e3d-489ebd4daa67,97f80c2a-c1f8-11f0-8e3d-489ebd4daa67,CUS_1_00040,RST_1_011,1,Berlin,COU_1_0922,Courier_COU_1_0922,late_delivery,"Auto-generated complaint note",cancelled,None,39,14.52,1,1
baaeb5b3-c1f8-11f0-8e3d-489ebd4daa67,97f8119d-c1f8-11f0-8e3d-489ebd4daa67,CUS_1_00054,RST_1_011,1,Berlin,COU_1_0922,Courier_COU_1_0922,missing_item,"Auto-generated complaint note",cancelled,None,30,19.6,1,1
baaeb6ac-c1f8-11f0-8e3d-489ebd4daa67,97f8148f-c1f8-11f0-8e3d-489ebd4daa67,CUS_1_00027,RST_1_011,1,Berlin,COU_1_0922,Courier_COU_1_0922,late_delivery,"Auto-generated complaint note",failed,None,38,39.47,1,0
baaeb783-c1f8-11f0-8e3d-489ebd4daa67,97f81684-c1f8-11f0-8e3d-489ebd4daa67,CUS_1_00022,RST_1_011,1,Berlin,COU_1_0922,Courier_COU_1_0922,missing_item,"Auto-generated complaint note",failed,None,35,35.61,1,0
baaeb9cd-c1f8-11f0-8e3d-489ebd4daa67,97f825cf-c1f8-11f0-8e3d-489ebd4daa67,CUS_1_00100,RST_1_011,1,Berlin,COU_1_0922,Courier_COU_1_0922,late_delivery,"Auto-generated complaint note",cancelled,None,27,36.82,1,1
baaebab3-c1f8-11f0-8e3d-489ebd4daa67,97f82653-c1f8-11f0-8e3d-489ebd4daa67,CUS_1_00014,RST_1_011,1,Berlin,COU_1_0922,Courier_COU_1_0922,rude_courier,"Auto-generated complaint note",returned,None,40,13.97,1,0
baaebb8f-c1f8-11f0-8e3d-489ebd4daa67,97f8287b-c1f8-11f0-8e3d-489ebd4daa67,CUS_1_00045,RST_1_011,1,Berlin,COU_1_0922,Courier_COU_1_0922,rude_courier,"Auto-generated complaint note",cancelled,None,35,10.63,1,1
baaebc40-c1f8-11f0-8e3d-489ebd4daa67,97f828fc-c1f8-11f0-8e3d-489ebd4daa67,CUS_1_00044,RST_1_011,1,Berlin,COU_1_0922,Courier_COU_1_0922,late_delivery,"Auto-generated complaint note",delivered,None,40,46.23,1,0
baaebd6a-c1f8-11f0-8e3d-489ebd4daa67,97f82ef0-c1f8-11f0-8e3d-489ebd4daa67,CUS_1_00055,RST_1_011,1,Berlin,COU_1_0922,Courier_COU_1_0922,rude_courier,"Auto-generated complaint note",returned,None,42,45.79,1,0
baaebe1d-c1f8-11f0-8e3d-489ebd4daa67,97f82f71-c1f8-11f0-8e3d-489ebd4daa67,CUS_1_00006,RST_1_011,1,Berlin,COU_1_0922,Courier_COU_1_0922,rude_courier,"Auto-generated complaint note",cancelled,None,31,21.22,1,1
baaec09f-c1f8-11f0-8e3d-489ebd4daa67,97f8447e-c1f8-11f0-8e3d-489ebd4daa67,CUS_1_00087,RST_1_011,1,Berlin,COU_1_0922,Courier_COU_1_0922,missing_item,"Auto-generated complaint note",returned,None,26,36.41,1,0
baaec18d-c1f8-11f0-8e3d-489ebd4daa67,97f8474e-c1f8-11f0-8e3d-489ebd4daa67,CUS_1_00029,RST_1_011,1,Berlin,COU_1_0922,Courier_COU_1_0922,missing_item,"Auto-generated complaint note",cancelled,None,26,9,1,1
baaec2b4-c1f8-11f0-8e3d-489ebd4daa67,97f84b53-c1f8-11f0-8e3d-489ebd4daa67,CUS_1_00039,RST_1_011,1,Berlin,COU_1_0922,Courier_COU_1_0922,late_delivery,"Auto-generated complaint note",cancelled,None,26,47.78,1,1
baaec3e3-c1f8-11f0-8e3d-489ebd4daa67,97f85050-c1f8-11f0-8e3d-489ebd4daa67,CUS_1_00086,RST_1_011,1,Berlin,COU_1_0922,Courier_COU_1_0922,rude_courier,"Auto-generated complaint note",returned,None,42,30.5,1,0
baaec496-c1f8-11f0-8e3d-489ebd4daa67,97f850d4-c1f8-11f0-8e3d-489ebd4daa67,CUS_1_00082,RST_1_011,1,Berlin,COU_1_0922,Courier_COU_1_0922,rude_courier,"Auto-generated complaint note",failed,None,33,32.3,1,0
baaec569-c1f8-11f0-8e3d-489ebd4daa67,97f852d7-c1f8-11f0-8e3d-489ebd4daa67,CUS_1_00007,RST_1_011,1,Berlin,COU_1_0922,Courier_COU_1_0922,missing_item,"Auto-generated complaint note",failed,None,40,39.57,1,0
baaec68e-c1f8-11f0-8e3d-489ebd4daa67,97f85b87-c1f8-11f0-8e3d-489ebd4daa67,CUS_1_00065,RST_1_011,1,Berlin,COU_1_0922,Courier_COU_1_0922,missing_item,"Auto-generated complaint note",delivered,None,40,12.79,1,0
baaec73f-c1f8-11f0-8e3d-489ebd4daa67,97f85c7c-c1f8-11f0-8e3d-489ebd4daa67,CUS_1_00030,RST_1_011,1,Berlin,COU_1_0922,Courier_COU_1_0922,missing_item,"Auto-generated complaint note",cancelled,None,38,22.7,1,1
baaec8b0-c1f8-11f0-8e3d-489ebd4daa67,97f86b0b-c1f8-11f0-8e3d-489ebd4daa67,CUS_1_00098,RST_1_011,1,Berlin,COU_1_0922,Courier_COU_1_0922,missing_item,"Auto-generated complaint note",cancelled,None,32,18.36,1,1
baaec9a5-c1f8-11f0-8e3d-489ebd4daa67,97f87088-c1f8-11f0-8e3d-489ebd4daa67,CUS_1_00010,RST_1_011,1,Berlin,COU_1_0922,Courier_COU_1_0922,rude_courier,"Auto-generated complaint note",returned,None,32,27.93,1,0
baaecb62-c1f8-11f0-8e3d-489ebd4daa67,97f8801a-c1f8-11f0-8e3d-489ebd4daa67,CUS_1_00062,RST_1_011,1,Berlin,COU_1_0922,Courier_COU_1_0922,missing_item,"Auto-generated complaint note",delivered,None,43,13.9,1,0
baaecc3f-c1f8-11f0-8e3d-489ebd4daa67,97f881e5-c1f8-11f0-8e3d-489ebd4daa67,CUS_1_00018,RST_1_011,1,Berlin,COU_1_0922,Courier_COU_1_0922,late_delivery,"Auto-generated complaint note",delivered,None,33,39.55,1,0
baaecd08-c1f8-11f0-8e3d-489ebd4daa67,97f88dff-c1f8-11f0-8e3d-489ebd4daa67,CUS_1_00031,RST_1_011,1,Berlin,COU_1_0922,Courier_COU_1_0922,late_delivery,"Auto-generated complaint note",failed,None,43,42.05,1,0
baaece04-c1f8-11f0-8e3d-489ebd4daa67,97f890aa-c1f8-11f0-8e3d-489ebd4daa67,CUS_1_00008,RST_1_011,1,Berlin,COU_1_0922,Courier_COU_1_0922,missing_item,"Auto-generated complaint note",failed,None,28,29.41,1,0
baaecfb5-c1f8-11f0-8e3d-489ebd4daa67,97f89925-c1f8-11f0-8e3d-489ebd4daa67,CUS_1_00027,RST_1_011,1,Berlin,COU_1_0922,Courier_COU_1_0922,missing_item,"Auto-generated complaint note",failed,None,29,17.88,1,0
baaed073-c1f8-11f0-8e3d-489ebd4daa67,97f89a05-c1f8-11f0-8e3d-489ebd4daa67,CUS_1_00005,RST_1_011,1,Berlin,COU_1_0922,Courier_COU_1_0922,late_delivery,"Auto-generated complaint note",delivered,late,30,17.96,1,0
baaed12f-c1f8-11f0-8e3d-489ebd4daa67,97f89ae9-c1f8-11f0-8e3d-489ebd4daa67,CUS_1_00022,RST_1_011,1,Berlin,COU_1_0922,Courier_COU_1_0922,late_delivery,"Auto-generated complaint note",delivered,None,40,12.38,1,0
baaed277-c1f8-11f0-8e3d-489ebd4daa67,97f8a040-c1f8-11f0-8e3d-489ebd4daa67,CUS_1_00056,RST_1_011,1,Berlin,COU_1_0922,Courier_COU_1_0922,late_delivery,"Auto-generated complaint note",failed,None,35,34.36,1,0
baaed3d6-c1f8-11f0-8e3d-489ebd4daa67,97f8a744-c1f8-11f0-8e3d-489ebd4daa67,CUS_1_00063,RST_1_011,1,Berlin,COU_1_0922,Courier_COU_1_0922,late_delivery,"Auto-generated complaint note",cancelled,None,25,14.05,1,1
baaed4dd-c1f8-11f0-8e3d-489ebd4daa67,97f8aa47-c1f8-11f0-8e3d-489ebd4daa67,CUS_1_00088,RST_1_011,1,Berlin,COU_1_0922,Courier_COU_1_0922,missing_item,"Auto-generated complaint note",delivered,None,41,39.92,1,0
baaed604-c1f8-11f0-8e3d-489ebd4daa67,97f8ae28-c1f8-11f0-8e3d-489ebd4daa67,CUS_1_00048,RST_1_011,1,Berlin,COU_1_0922,Courier_COU_1_0922,missing_item,"Auto-generated complaint note",delivered,None,33,8.33,1,0
baaed71a-c1f8-11f0-8e3d-489ebd4daa67,97f8b1ff-c1f8-11f0-8e3d-489ebd4daa67,CUS_1_00036,RST_1_011,1,Berlin,COU_1_0922,Courier_COU_1_0922,late_delivery,"Auto-generated complaint note",cancelled,None,30,17.23,1,1
baaed7ed-c1f8-11f0-8e3d-489ebd4daa67,97f8b2db-c1f8-11f0-8e3d-489ebd4daa67,CUS_1_00079,RST_1_011,1,Berlin,COU_1_0922,Courier_COU_1_0922,late_delivery,"Auto-generated complaint note",delivered,None,39,23.65,1,0
baaed8c1-c1f8-11f0-8e3d-489ebd4daa67,97f8b48a-c1f8-11f0-8e3d-489ebd4daa67,CUS_1_00028,RST_1_011,1,Berlin,COU_1_0922,Courier_COU_1_0922,rude_courier,"Auto-generated complaint note",failed,None,27,40.29,1,0
baaed9ff-c1f8-11f0-8e3d-489ebd4daa67,97f8b88c-c1f8-11f0-8e3d-489ebd4daa67,CUS_1_00073,RST_1_011,1,Berlin,COU_1_0922,Courier_COU_1_0922,late_delivery,"Auto-generated complaint note",delivered,None,34,29.95,1,0
baaedb05-c1f8-11f0-8e3d-489ebd4daa67,97f8bb16-c1f8-11f0-8e3d-489ebd4daa67,CUS_1_00083,RST_1_011,1,Berlin,COU_1_0922,Courier_COU_1_0922,rude_courier,"Auto-generated complaint note",failed,None,33,22.21,1,0
baaedd7d-c1f8-11f0-8e3d-489ebd4daa67,97f8ca23-c1f8-11f0-8e3d-489ebd4daa67,CUS_1_00056,RST_1_011,1,Berlin,COU_1_0922,Courier_COU_1_0922,missing_item,"Auto-generated complaint note",returned,None,34,11.73,1,0
baaede45-c1f8-11f0-8e3d-489ebd4daa67,97f8ca8e-c1f8-11f0-8e3d-489ebd4daa67,CUS_1_00084,RST_1_011,1,Berlin,COU_1_0922,Courier_COU_1_0922,missing_item,"Auto-generated complaint note",failed,None,40,45.76,1,0
baaedf06-c1f8-11f0-8e3d-489ebd4daa67,97f8cb67-c1f8-11f0-8e3d-489ebd4daa67,CUS_1_00069,RST_1_011,1,Berlin,COU_1_0922,Courier_COU_1_0922,missing_item,"Auto-generated complaint note",cancelled,late,32,11.26,1,1
baaee278-c1f8-11f0-8e3d-489ebd4daa67,97f8e7ac-c1f8-11f0-8e3d-489ebd4daa67,CUS_1_00041,RST_1_011,1,Berlin,COU_1_0922,Courier_COU_1_0922,missing_item,"Auto-generated complaint note",returned,None,41,23.44,1,0
baaee39f-c1f8-11f0-8e3d-489ebd4daa67,97f8eb20-c1f8-11f0-8e3d-489ebd4daa67,CUS_9_00072,RST_9_007,9,Essen,COU_9_0908,Courier_COU_9_0908,missing_item,"Auto-generated complaint note",returned,None,31,44.56,1,0
baaee547-c1f8-11f0-8e3d-489ebd4daa67,97f8ee3f-c1f8-11f0-8e3d-489ebd4daa67,CUS_9_00071,RST_9_007,9,Essen,COU_9_0908,Courier_COU_9_0908,rude_courier,"Auto-generated complaint note",cancelled,None,38,20.31,1,1
baaee635-c1f8-11f0-8e3d-489ebd4daa67,97f8f000-c1f8-11f0-8e3d-489ebd4daa67,CUS_9_00095,RST_9_007,9,Essen,COU_9_0908,Courier_COU_9_0908,missing_item,"Auto-generated complaint note",cancelled,None,43,13.09,1,1
baaee96f-c1f8-11f0-8e3d-489ebd4daa67,97f90138-c1f8-11f0-8e3d-489ebd4daa67,CUS_9_00075,RST_9_007,9,Essen,COU_9_0908,Courier_COU_9_0908,missing_item,"Auto-generated complaint note",failed,None,49,38.09,1,0
baaeea3b-c1f8-11f0-8e3d-489ebd4daa67,97f901a3-c1f8-11f0-8e3d-489ebd4daa67,CUS_9_00060,RST_9_007,9,Essen,COU_9_0908,Courier_COU_9_0908,rude_courier,"Auto-generated complaint note",delivered,None,33,38.86,1,0
baaeeb18-c1f8-11f0-8e3d-489ebd4daa67,97f9038c-c1f8-11f0-8e3d-489ebd4daa67,CUS_9_00047,RST_9_007,9,Essen,COU_9_0908,Courier_COU_9_0908,missing_item,"Auto-generated complaint note",failed,None,44,26.56,1,0
baaeebba-c1f8-11f0-8e3d-489ebd4daa67,97f903fb-c1f8-11f0-8e3d-489ebd4daa67,CUS_9_00043,RST_9_007,9,Essen,COU_9_0908,Courier_COU_9_0908,late_delivery,"Auto-generated complaint note",cancelled,None,37,33.27,1,1
baaeed1c-c1f8-11f0-8e3d-489ebd4daa67,97f90a7f-c1f8-11f0-8e3d-489ebd4daa67,CUS_9_00066,RST_9_007,9,Essen,COU_9_0908,Courier_COU_9_0908,rude_courier,"Auto-generated complaint note",returned,None,30,28.79,1,0
baaeede2-c1f8-11f0-8e3d-489ebd4daa67,97f90ae9-c1f8-11f0-8e3d-489ebd4daa67,CUS_9_00088,RST_9_007,9,Essen,COU_9_0908,Courier_COU_9_0908,missing_item,"Auto-generated complaint note",delivered,None,38,39.11,1,0
baaef015-c1f8-11f0-8e3d-489ebd4daa67,97f91660-c1f8-11f0-8e3d-489ebd4daa67,CUS_9_00081,RST_9_007,9,Essen,COU_9_0908,Courier_COU_9_0908,late_delivery,"Auto-generated complaint note",returned,None,48,32.71,1,0
baaef0cc-c1f8-11f0-8e3d-489ebd4daa67,97f916cd-c1f8-11f0-8e3d-489ebd4daa67,CUS_9_00039,RST_9_007,9,Essen,COU_9_0908,Courier_COU_9_0908,rude_courier,"Auto-generated complaint note",cancelled,None,39,42.55,1,1
baaef22a-c1f8-11f0-8e3d-489ebd4daa67,97f91cb2-c1f8-11f0-8e3d-489ebd4daa67,CUS_9_00055,RST_9_007,9,Essen,COU_9_0908,Courier_COU_9_0908,late_delivery,"Auto-generated complaint note",delivered,None,37,44.75,1,0
baaef44d-c1f8-11f0-8e3d-489ebd4daa67,97f92549-c1f8-11f0-8e3d-489ebd4daa67,CUS_9_00059,RST_9_007,9,Essen,COU_9_0908,Courier_COU_9_0908,late_delivery,"Auto-generated complaint note",delivered,None,37,35.23,1,0
baaef61e-c1f8-11f0-8e3d-489ebd4daa67,97f92997-c1f8-11f0-8e3d-489ebd4daa67,CUS_9_00048,RST_9_007,9,Essen,COU_9_0908,Courier_COU_9_0908,missing_item,"Auto-generated complaint note",returned,customer_cancel,37,31.39,1,0
baaef715-c1f8-11f0-8e3d-489ebd4daa67,97f92c24-c1f8-11f0-8e3d-489ebd4daa67,CUS_9_00027,RST_9_007,9,Essen,COU_9_0908,Courier_COU_9_0908,late_delivery,"Auto-generated complaint note",cancelled,None,47,43.86,1,1
baaef824-c1f8-11f0-8e3d-489ebd4daa67,97f92f91-c1f8-11f0-8e3d-489ebd4daa67,CUS_9_00088,RST_9_007,9,Essen,COU_9_0908,Courier_COU_9_0908,missing_item,"Auto-generated complaint note",failed,None,30,10.73,1,0
baaef8dd-c1f8-11f0-8e3d-489ebd4daa67,97f93070-c1f8-11f0-8e3d-489ebd4daa67,CUS_9_00034,RST_9_007,9,Essen,COU_9_0908,Courier_COU_9_0908,missing_item,"Auto-generated complaint note",cancelled,None,40,24.52,1,1
baaef9f1-c1f8-11f0-8e3d-489ebd4daa67,97f9352f-c1f8-11f0-8e3d-489ebd4daa67,CUS_9_00077,RST_9_007,9,Essen,COU_9_0908,Courier_COU_9_0908,late_delivery,"Auto-generated complaint note",failed,None,47,8.89,1,0
baaefcb8-c1f8-11f0-8e3d-489ebd4daa67,97f944d2-c1f8-11f0-8e3d-489ebd4daa67,CUS_9_00068,RST_9_007,9,Essen,COU_9_0908,Courier_COU_9_0908,missing_item,"Auto-generated complaint note",returned,None,49,17.83,1,0
baaefdc3-c1f8-11f0-8e3d-489ebd4daa67,97f94618-c1f8-11f0-8e3d-489ebd4daa67,CUS_9_00084,RST_9_007,9,Essen,COU_9_0908,Courier_COU_9_0908,rude_courier,"Auto-generated complaint note",delivered,None,49,27.08,1,0
baaefe95-c1f8-11f0-8e3d-489ebd4daa67,97f946f0-c1f8-11f0-8e3d-489ebd4daa67,CUS_9_00014,RST_9_007,9,Essen,COU_9_0908,Courier_COU_9_0908,missing_item,"Auto-generated complaint note",cancelled,None,30,38.06,1,1
baaf0196-c1f8-11f0-8e3d-489ebd4daa67,97f957dd-c1f8-11f0-8e3d-489ebd4daa67,CUS_9_00066,RST_9_007,9,Essen,COU_9_0908,Courier_COU_9_0908,late_delivery,"Auto-generated complaint note",delivered,None,33,44.29,1,0
baaf0251-c1f8-11f0-8e3d-489ebd4daa67,97f958ad-c1f8-11f0-8e3d-489ebd4daa67,CUS_9_00088,RST_9_007,9,Essen,COU_9_0908,Courier_COU_9_0908,rude_courier,"Auto-generated complaint note",cancelled,None,40,41.36,1,1
baaf0368-c1f8-11f0-8e3d-489ebd4daa67,97f95caf-c1f8-11f0-8e3d-489ebd4daa67,CUS_9_00025,RST_9_007,9,Essen,COU_9_0908,Courier_COU_9_0908,missing_item,"Auto-generated complaint note",delivered,None,45,18.46,1,0
baaf0609-c1f8-11f0-8e3d-489ebd4daa67,97f96df7-c1f8-11f0-8e3d-489ebd4daa67,CUS_9_00002,RST_9_007,9,Essen,COU_9_0908,Courier_COU_9_0908,late_delivery,"Auto-generated complaint note",delivered,None,43,42.95,1,0
baaf0710-c1f8-11f0-8e3d-489ebd4daa67,97f97108-c1f8-11f0-8e3d-489ebd4daa67,CUS_9_00026,RST_9_007,9,Essen,COU_9_0908,Courier_COU_9_0908,rude_courier,"Auto-generated complaint note",cancelled,None,37,42.46,1,1
baaf07d5-c1f8-11f0-8e3d-489ebd4daa67,97f971e8-c1f8-11f0-8e3d-489ebd4daa67,CUS_9_00045,RST_9_007,9,Essen,COU_9_0908,Courier_COU_9_0908,rude_courier,"Auto-generated complaint note",cancelled,None,39,19.15,1,1
baaf0884-c1f8-11f0-8e3d-489ebd4daa67,97f97255-c1f8-11f0-8e3d-489ebd4daa67,CUS_9_00029,RST_9_007,9,Essen,COU_9_0908,Courier_COU_9_0908,missing_item,"Auto-generated complaint note",returned,None,44,14.44,1,0
baaf0938-c1f8-11f0-8e3d-489ebd4daa67,97f97332-c1f8-11f0-8e3d-489ebd4daa67,CUS_9_00016,RST_9_007,9,Essen,COU_9_0908,Courier_COU_9_0908,rude_courier,"Auto-generated complaint note",delivered,None,38,35.36,1,0
baaf0aa6-c1f8-11f0-8e3d-489ebd4daa67,97f97928-c1f8-11f0-8e3d-489ebd4daa67,CUS_9_00063,RST_9_007,9,Essen,COU_9_0908,Courier_COU_9_0908,late_delivery,"Auto-generated complaint note",cancelled,None,43,22.7,1,1
baaf0b8e-c1f8-11f0-8e3d-489ebd4daa67,97f97994-c1f8-11f0-8e3d-489ebd4daa67,CUS_9_00027,RST_9_007,9,Essen,COU_9_0908,Courier_COU_9_0908,rude_courier,"Auto-generated complaint note",cancelled,None,30,18.22,1,1
baaf0cc4-c1f8-11f0-8e3d-489ebd4daa67,97f97d77-c1f8-11f0-8e3d-489ebd4daa67,CUS_9_00062,RST_9_007,9,Essen,COU_9_0908,Courier_COU_9_0908,late_delivery,"Auto-generated complaint note",failed,None,42,40.78,1,0
baaf0dd1-c1f8-11f0-8e3d-489ebd4daa67,97f9822e-c1f8-11f0-8e3d-489ebd4daa67,CUS_9_00086,RST_9_007,9,Essen,COU_9_0908,Courier_COU_9_0908,missing_item,"Auto-generated complaint note",returned,None,43,36.79,1,0
baaf0efb-c1f8-11f0-8e3d-489ebd4daa67,97f9845c-c1f8-11f0-8e3d-489ebd4daa67,CUS_9_00087,RST_9_007,9,Essen,COU_9_0908,Courier_COU_9_0908,missing_item,"Auto-generated complaint note",failed,None,30,21.29,1,0
baaf0fef-c1f8-11f0-8e3d-489ebd4daa67,97f984f5-c1f8-11f0-8e3d-489ebd4daa67,CUS_9_00065,RST_9_007,9,Essen,COU_9_0908,Courier_COU_9_0908,late_delivery,"Auto-generated complaint note",delivered,None,48,45.11,1,0
baaf1173-c1f8-11f0-8e3d-489ebd4daa67,97f98a47-c1f8-11f0-8e3d-489ebd4daa67,CUS_9_00095,RST_9_007,9,Essen,COU_9_0908,Courier_COU_9_0908,missing_item,"Auto-generated complaint note",delivered,None,33,24.53,1,0
baaf1298-c1f8-11f0-8e3d-489ebd4daa67,97f98e33-c1f8-11f0-8e3d-489ebd4daa67,CUS_9_00008,RST_9_007,9,Essen,COU_9_0908,Courier_COU_9_0908,late_delivery,"Auto-generated complaint note",failed,None,33,40.15,1,0
baaf1500-c1f8-11f0-8e3d-489ebd4daa67,97f99a5a-c1f8-11f0-8e3d-489ebd4daa67,CUS_9_00001,RST_9_007,9,Essen,COU_9_0908,Courier_COU_9_0908,missing_item,"Auto-generated complaint note",delivered,None,46,12.73,1,0
baaf15e8-c1f8-11f0-8e3d-489ebd4daa67,97f99ba2-c1f8-11f0-8e3d-489ebd4daa67,CUS_9_00075,RST_9_007,9,Essen,COU_9_0908,Courier_COU_9_0908,rude_courier,"Auto-generated complaint note",delivered,None,46,39.8,1,0
baaf16f2-c1f8-11f0-8e3d-489ebd4daa67,97f99ebe-c1f8-11f0-8e3d-489ebd4daa67,CUS_9_00047,RST_9_007,9,Essen,COU_9_0908,Courier_COU_9_0908,late_delivery,"Auto-generated complaint note",cancelled,None,46,47.79,1,1
baaf20c7-c1f8-11f0-8e3d-489ebd4daa67,97f9a4df-c1f8-11f0-8e3d-489ebd4daa67,CUS_9_00057,RST_9_007,9,Essen,COU_9_0908,Courier_COU_9_0908,late_delivery,"Auto-generated complaint note",failed,None,38,18.43,1,0
baaf2240-c1f8-11f0-8e3d-489ebd4daa67,97f9aa8a-c1f8-11f0-8e3d-489ebd4daa67,CUS_9_00087,RST_9_007,9,Essen,COU_9_0908,Courier_COU_9_0908,rude_courier,"Auto-generated complaint note",returned,None,31,32.85,1,0
baaf2317-c1f8-11f0-8e3d-489ebd4daa67,97f9aaf9-c1f8-11f0-8e3d-489ebd4daa67,CUS_9_00065,RST_9_007,9,Essen,COU_9_0908,Courier_COU_9_0908,missing_item,"Auto-generated complaint note",returned,None,34,12.2,1,0
baaf2489-c1f8-11f0-8e3d-489ebd4daa67,97f9b18f-c1f8-11f0-8e3d-489ebd4daa67,CUS_9_00011,RST_9_007,9,Essen,COU_9_0908,Courier_COU_9_0908,late_delivery,"Auto-generated complaint note",cancelled,None,41,44.59,1,1
baaf2548-c1f8-11f0-8e3d-489ebd4daa67,97f9b268-c1f8-11f0-8e3d-489ebd4daa67,CUS_9_00081,RST_9_007,9,Essen,COU_9_0908,Courier_COU_9_0908,rude_courier,"Auto-generated complaint note",returned,None,37,30.68,1,0
baaf2684-c1f8-11f0-8e3d-489ebd4daa67,97f9b74a-c1f8-11f0-8e3d-489ebd4daa67,CUS_9_00093,RST_9_007,9,Essen,COU_9_0908,Courier_COU_9_0908,rude_courier,"Auto-generated complaint note",returned,None,40,11.38,1,0
baaf27a0-c1f8-11f0-8e3d-489ebd4daa67,97f9bbfd-c1f8-11f0-8e3d-489ebd4daa67,CUS_1_00008,RST_1_011,1,Berlin,COU_1_0922,Courier_COU_1_0922,rude_courier,"Auto-generated complaint note",failed,None,27,34.3,1,0
baaf2900-c1f8-11f0-8e3d-489ebd4daa67,97f9c342-c1f8-11f0-8e3d-489ebd4daa67,CUS_1_00012,RST_1_011,1,Berlin,COU_1_0922,Courier_COU_1_0922,late_delivery,"Auto-generated complaint note",cancelled,None,38,47.63,1,1
baaf29c4-c1f8-11f0-8e3d-489ebd4daa67,97f9c4ef-c1f8-11f0-8e3d-489ebd4daa67,CUS_1_00005,RST_1_011,1,Berlin,COU_1_0922,Courier_COU_1_0922,missing_item,"Auto-generated complaint note",cancelled,None,40,21.45,1,1
baaf2a8d-c1f8-11f0-8e3d-489ebd4daa67,97f9c715-c1f8-11f0-8e3d-489ebd4daa67,CUS_1_00009,RST_1_011,1,Berlin,COU_1_0922,Courier_COU_1_0922,rude_courier,"Auto-generated complaint note",delivered,None,42,36.48,1,0
baaf2b71-c1f8-11f0-8e3d-489ebd4daa67,97f9c9ab-c1f8-11f0-8e3d-489ebd4daa67,CUS_1_00043,RST_1_011,1,Berlin,COU_1_0922,Courier_COU_1_0922,rude_courier,"Auto-generated complaint note",delivered,None,31,30.36,1,0
baaf2c24-c1f8-11f0-8e3d-489ebd4daa67,97f9ca81-c1f8-11f0-8e3d-489ebd4daa67,CUS_1_00084,RST_1_011,1,Berlin,COU_1_0922,Courier_COU_1_0922,missing_item,"Auto-generated complaint note",cancelled,None,42,41.48,1,1
baaf301f-c1f8-11f0-8e3d-489ebd4daa67,97f9e9ba-c1f8-11f0-8e3d-489ebd4daa67,CUS_1_00064,RST_1_011,1,Berlin,COU_1_0922,Courier_COU_1_0922,missing_item,"Auto-generated complaint note",cancelled,None,31,18.48,1,1
baaf3101-c1f8-11f0-8e3d-489ebd4daa67,97f9ec15-c1f8-11f0-8e3d-489ebd4daa67,CUS_1_00011,RST_1_011,1,Berlin,COU_1_0922,Courier_COU_1_0922,rude_courier,"Auto-generated complaint note",cancelled,None,36,46.91,1,1
baaf31fc-c1f8-11f0-8e3d-489ebd4daa67,97f9ef84-c1f8-11f0-8e3d-489ebd4daa67,CUS_1_00002,RST_1_011,1,Berlin,COU_1_0922,Courier_COU_1_0922,missing_item,"Auto-generated complaint note",returned,None,26,10.99,1,0
baaf32ba-c1f8-11f0-8e3d-489ebd4daa67,97f9f0d2-c1f8-11f0-8e3d-489ebd4daa67,CUS_1_00022,RST_1_011,1,Berlin,COU_1_0922,Courier_COU_1_0922,missing_item,"Auto-generated complaint note",failed,None,42,30.75,1,0
baaf3380-c1f8-11f0-8e3d-489ebd4daa67,97f9f289-c1f8-11f0-8e3d-489ebd4daa67,CUS_1_00034,RST_1_011,1,Berlin,COU_1_0922,Courier_COU_1_0922,rude_courier,"Auto-generated complaint note",delivered,None,44,24.27,1,0
baaf3420-c1f8-11f0-8e3d-489ebd4daa67,97f9f36e-c1f8-11f0-8e3d-489ebd4daa67,CUS_1_00007,RST_1_011,1,Berlin,COU_1_0922,Courier_COU_1_0922,missing_item,"Auto-generated complaint note",failed,customer_cancel,42,25.46,1,0
baaf34d0-c1f8-11f0-8e3d-489ebd4daa67,97f9f4ba-c1f8-11f0-8e3d-489ebd4daa67,CUS_1_00043,RST_1_011,1,Berlin,COU_1_0922,Courier_COU_1_0922,rude_courier,"Auto-generated complaint note",failed,None,32,40.61,1,0
baaf3665-c1f8-11f0-8e3d-489ebd4daa67,97f9f7c8-c1f8-11f0-8e3d-489ebd4daa67,CUS_1_00065,RST_1_011,1,Berlin,COU_1_0922,Courier_COU_1_0922,missing_item,"Auto-generated complaint note",returned,None,44,20.27,1,0
baaf37d1-c1f8-11f0-8e3d-489ebd4daa67,97f9f9ed-c1f8-11f0-8e3d-489ebd4daa67,CUS_1_00091,RST_1_011,1,Berlin,COU_1_0922,Courier_COU_1_0922,missing_item,"Auto-generated complaint note",failed,None,26,26.64,1,0
baaf3937-c1f8-11f0-8e3d-489ebd4daa67,97fa00ba-c1f8-11f0-8e3d-489ebd4daa67,CUS_1_00010,RST_1_011,1,Berlin,COU_1_0922,Courier_COU_1_0922,missing_item,"Auto-generated complaint note",delivered,None,27,46.02,1,0
baaf3a17-c1f8-11f0-8e3d-489ebd4daa67,97fa0494-c1f8-11f0-8e3d-489ebd4daa67,CUS_1_00003,RST_1_011,1,Berlin,COU_1_0922,Courier_COU_1_0922,missing_item,"Auto-generated complaint note",returned,None,29,24.36,1,0
baaf3af1-c1f8-11f0-8e3d-489ebd4daa67,97fa0655-c1f8-11f0-8e3d-489ebd4daa67,CUS_1_00036,RST_1_011,1,Berlin,COU_1_0922,Courier_COU_1_0922,late_delivery,"Auto-generated complaint note",returned,None,38,21.28,1,0
baaf3c1e-c1f8-11f0-8e3d-489ebd4daa67,97fa09d0-c1f8-11f0-8e3d-489ebd4daa67,CUS_1_00020,RST_1_011,1,Berlin,COU_1_0922,Courier_COU_1_0922,missing_item,"Auto-generated complaint note",failed,None,40,24.63,1,0
baaf3edb-c1f8-11f0-8e3d-489ebd4daa67,97fa0f05-c1f8-11f0-8e3d-489ebd4daa67,CUS_1_00061,RST_1_011,1,Berlin,COU_1_0922,Courier_COU_1_0922,missing_item,"Auto-generated complaint note",delivered,None,42,32.68,1,0
baaf40de-c1f8-11f0-8e3d-489ebd4daa67,97fa1658-c1f8-11f0-8e3d-489ebd4daa67,CUS_1_00060,RST_1_011,1,Berlin,COU_1_0922,Courier_COU_1_0922,late_delivery,"Auto-generated complaint note",cancelled,None,40,41.31,1,1
baaf41dc-c1f8-11f0-8e3d-489ebd4daa67,97fa19c7-c1f8-11f0-8e3d-489ebd4daa67,CUS_1_00022,RST_1_011,1,Berlin,COU_1_0922,Courier_COU_1_0922,rude_courier,"Auto-generated complaint note",cancelled,None,31,15.5,1,1
baaf4273-c1f8-11f0-8e3d-489ebd4daa67,97fa1a34-c1f8-11f0-8e3d-489ebd4daa67,CUS_1_00086,RST_1_011,1,Berlin,COU_1_0922,Courier_COU_1_0922,rude_courier,"Auto-generated complaint note",failed,None,38,26.45,1,0
baaf43b4-c1f8-11f0-8e3d-489ebd4daa67,97fa215b-c1f8-11f0-8e3d-489ebd4daa67,CUS_1_00099,RST_1_011,1,Berlin,COU_1_0922,Courier_COU_1_0922,late_delivery,"Auto-generated complaint note",cancelled,None,25,21.31,1,1
baaf44fc-c1f8-11f0-8e3d-489ebd4daa67,97fa2699-c1f8-11f0-8e3d-489ebd4daa67,CUS_1_00035,RST_1_011,1,Berlin,COU_1_0922,Courier_COU_1_0922,missing_item,"Auto-generated complaint note",cancelled,None,29,19.7,1,1
baaf4757-c1f8-11f0-8e3d-489ebd4daa67,97fa3498-c1f8-11f0-8e3d-489ebd4daa67,CUS_1_00059,RST_1_011,1,Berlin,COU_1_0922,Courier_COU_1_0922,late_delivery,"Auto-generated complaint note",returned,None,37,18.15,1,0
baaf485c-c1f8-11f0-8e3d-489ebd4daa67,97fa3686-c1f8-11f0-8e3d-489ebd4daa67,CUS_1_00073,RST_1_011,1,Berlin,COU_1_0922,Courier_COU_1_0922,rude_courier,"Auto-generated complaint note",delivered,None,34,12.95,1,0
baaf4955-c1f8-11f0-8e3d-489ebd4daa67,97fa384f-c1f8-11f0-8e3d-489ebd4daa67,CUS_1_00085,RST_1_011,1,Berlin,COU_1_0922,Courier_COU_1_0922,late_delivery,"Auto-generated complaint note",delivered,None,32,29.47,1,0
baaf4a5e-c1f8-11f0-8e3d-489ebd4daa67,97fa3b4f-c1f8-11f0-8e3d-489ebd4daa67,CUS_1_00046,RST_1_011,1,Berlin,COU_1_0922,Courier_COU_1_0922,missing_item,"Auto-generated complaint note",cancelled,None,34,41.09,1,1
baaf4b76-c1f8-11f0-8e3d-489ebd4daa67,97fa3e54-c1f8-11f0-8e3d-489ebd4daa67,CUS_1_00047,RST_1_011,1,Berlin,COU_1_0922,Courier_COU_1_0922,missing_item,"Auto-generated complaint note",failed,None,42,45.21,1,0
baaf4c52-c1f8-11f0-8e3d-489ebd4daa67,97fa4010-c1f8-11f0-8e3d-489ebd4daa67,CUS_1_00060,RST_1_011,1,Berlin,COU_1_0922,Courier_COU_1_0922,rude_courier,"Auto-generated complaint note",delivered,None,39,37.79,1,0
baaf4d21-c1f8-11f0-8e3d-489ebd4daa67,97fa4159-c1f8-11f0-8e3d-489ebd4daa67,CUS_1_00057,RST_1_011,1,Berlin,COU_1_0922,Courier_COU_1_0922,late_delivery,"Auto-generated complaint note",failed,None,34,15.08,1,0
baaf4ec8-c1f8-11f0-8e3d-489ebd4daa67,97fa4866-c1f8-11f0-8e3d-489ebd4daa67,CUS_1_00084,RST_1_011,1,Berlin,COU_1_0922,Courier_COU_1_0922,late_delivery,"Auto-generated complaint note",delivered,None,31,38.62,1,0
baaf514f-c1f8-11f0-8e3d-489ebd4daa67,97fa5459-c1f8-11f0-8e3d-489ebd4daa67,CUS_1_00089,RST_1_011,1,Berlin,COU_1_0922,Courier_COU_1_0922,rude_courier,"Auto-generated complaint note",delivered,None,35,37.9,1,0
baaf527a-c1f8-11f0-8e3d-489ebd4daa67,97fa5780-c1f8-11f0-8e3d-489ebd4daa67,CUS_1_00024,RST_1_011,1,Berlin,COU_1_0922,Courier_COU_1_0922,missing_item,"Auto-generated complaint note",cancelled,None,41,30.84,1,1
baaf5349-c1f8-11f0-8e3d-489ebd4daa67,97fa57ef-c1f8-11f0-8e3d-489ebd4daa67,CUS_1_00038,RST_1_011,1,Berlin,COU_1_0922,Courier_COU_1_0922,missing_item,"Auto-generated complaint note",failed,None,38,23.38,1,0
baaf541f-c1f8-11f0-8e3d-489ebd4daa67,97fa5938-c1f8-11f0-8e3d-489ebd4daa67,CUS_1_00079,RST_1_011,1,Berlin,COU_1_0922,Courier_COU_1_0922,late_delivery,"Auto-generated complaint note",failed,None,38,35.38,1,0
baaf5541-c1f8-11f0-8e3d-489ebd4daa67,97fa5bc8-c1f8-11f0-8e3d-489ebd4daa67,CUS_1_00020,RST_1_011,1,Berlin,COU_1_0922,Courier_COU_1_0922,rude_courier,"Auto-generated complaint note",delivered,None,38,42.69,1,0
baaf5687-c1f8-11f0-8e3d-489ebd4daa67,97fa6008-c1f8-11f0-8e3d-489ebd4daa67,CUS_1_00052,RST_1_011,1,Berlin,COU_1_0922,Courier_COU_1_0922,rude_courier,"Auto-generated complaint note",returned,None,41,36.82,1,0
baaf5726-c1f8-11f0-8e3d-489ebd4daa67,97fa6076-c1f8-11f0-8e3d-489ebd4daa67,CUS_1_00085,RST_1_011,1,Berlin,COU_1_0922,Courier_COU_1_0922,late_delivery,"Auto-generated complaint note",cancelled,None,40,35.24,1,1
baaf57f6-c1f8-11f0-8e3d-489ebd4daa67,97fa6231-c1f8-11f0-8e3d-489ebd4daa67,CUS_1_00087,RST_1_011,1,Berlin,COU_1_0922,Courier_COU_1_0922,late_delivery,"Auto-generated complaint note",delivered,None,25,46.64,1,0
baaf58d3-c1f8-11f0-8e3d-489ebd4daa67,97fa6377-c1f8-11f0-8e3d-489ebd4daa67,CUS_1_00046,RST_1_011,1,Berlin,COU_1_0922,Courier_COU_1_0922,missing_item,"Auto-generated complaint note",failed,None,42,38.36,1,0
baaf5bc2-c1f8-11f0-8e3d-489ebd4daa67,97fa68d5-c1f8-11f0-8e3d-489ebd4daa67,CUS_1_00039,RST_1_011,1,Berlin,COU_1_0922,Courier_COU_1_0922,late_delivery,"Auto-generated complaint note",failed,None,42,17.45,1,0
baaf5e72-c1f8-11f0-8e3d-489ebd4daa67,97fa7835-c1f8-11f0-8e3d-489ebd4daa67,CUS_1_00044,RST_1_011,1,Berlin,COU_1_0922,Courier_COU_1_0922,late_delivery,"Auto-generated complaint note",delivered,None,39,46.9,1,0
baaf5f27-c1f8-11f0-8e3d-489ebd4daa67,97fa78a3-c1f8-11f0-8e3d-489ebd4daa67,CUS_1_00067,RST_1_011,1,Berlin,COU_1_0922,Courier_COU_1_0922,missing_item,"Auto-generated complaint note",cancelled,None,36,37.21,1,1
baaf5fcf-c1f8-11f0-8e3d-489ebd4daa67,97fa790f-c1f8-11f0-8e3d-489ebd4daa67,CUS_1_00035,RST_1_011,1,Berlin,COU_1_0922,Courier_COU_1_0922,rude_courier,"Auto-generated complaint note",returned,None,37,10.98,1,0
baaf60c9-c1f8-11f0-8e3d-489ebd4daa67,97fa7c80-c1f8-11f0-8e3d-489ebd4daa67,CUS_1_00006,RST_1_011,1,Berlin,COU_1_0922,Courier_COU_1_0922,late_delivery,"Auto-generated complaint note",cancelled,None,34,25.07,1,1
baaf6247-c1f8-11f0-8e3d-489ebd4daa67,97fa81fc-c1f8-11f0-8e3d-489ebd4daa67,CUS_1_00036,RST_1_011,1,Berlin,COU_1_0922,Courier_COU_1_0922,rude_courier,"Auto-generated complaint note",returned,None,29,9.44,1,0
baaf64a6-c1f8-11f0-8e3d-489ebd4daa67,97fa8ce9-c1f8-11f0-8e3d-489ebd4daa67,CUS_1_00032,RST_1_011,1,Berlin,COU_1_0922,Courier_COU_1_0922,rude_courier,"Auto-generated complaint note",returned,None,39,17.95,1,0
baaf654f-c1f8-11f0-8e3d-489ebd4daa67,97fa8d55-c1f8-11f0-8e3d-489ebd4daa67,CUS_1_00046,RST_1_011,1,Berlin,COU_1_0922,Courier_COU_1_0922,late_delivery,"Auto-generated complaint note",returned,None,26,17.89,1,0
baaf6615-c1f8-11f0-8e3d-489ebd4daa67,97fa8ea3-c1f8-11f0-8e3d-489ebd4daa67,CUS_1_00064,RST_1_011,1,Berlin,COU_1_0922,Courier_COU_1_0922,missing_item,"Auto-generated complaint note",delivered,None,42,12.52,1,0
baaf66ac-c1f8-11f0-8e3d-489ebd4daa67,97fa8f12-c1f8-11f0-8e3d-489ebd4daa67,CUS_1_00037,RST_1_011,1,Berlin,COU_1_0922,Courier_COU_1_0922,rude_courier,"Auto-generated complaint note",failed,None,42,20.09,1,0
baaf686c-c1f8-11f0-8e3d-489ebd4daa67,97fa965b-c1f8-11f0-8e3d-489ebd4daa67,CUS_1_00082,RST_1_011,1,Berlin,COU_1_0922,Courier_COU_1_0922,rude_courier,"Auto-generated complaint note",delivered,None,33,11.25,1,0
baaf69b4-c1f8-11f0-8e3d-489ebd4daa67,97fa9bac-c1f8-11f0-8e3d-489ebd4daa67,CUS_1_00094,RST_1_011,1,Berlin,COU_1_0922,Courier_COU_1_0922,rude_courier,"Auto-generated complaint note",returned,None,39,45.67,1,0
baaf6b0d-c1f8-11f0-8e3d-489ebd4daa67,97faa1b6-c1f8-11f0-8e3d-489ebd4daa67,CUS_1_00053,RST_1_011,1,Berlin,COU_1_0922,Courier_COU_1_0922,late_delivery,"Auto-generated complaint note",failed,None,34,35.8,1,0
baaf6bb8-c1f8-11f0-8e3d-489ebd4daa67,97faa292-c1f8-11f0-8e3d-489ebd4daa67,CUS_1_00098,RST_1_011,1,Berlin,COU_1_0922,Courier_COU_1_0922,late_delivery,"Auto-generated complaint note",returned,None,27,27.25,1,0
baaf6c47-c1f8-11f0-8e3d-489ebd4daa67,97faa301-c1f8-11f0-8e3d-489ebd4daa67,CUS_1_00068,RST_1_011,1,Berlin,COU_1_0922,Courier_COU_1_0922,rude_courier,"Auto-generated complaint note",returned,None,36,43.28,1,0
baaf6de8-c1f8-11f0-8e3d-489ebd4daa67,97faaae7-c1f8-11f0-8e3d-489ebd4daa67,CUS_1_00077,RST_1_011,1,Berlin,COU_1_0922,Courier_COU_1_0922,missing_item,"Auto-generated complaint note",delivered,None,30,40.01,1,0
baaf6eaf-c1f8-11f0-8e3d-489ebd4daa67,97faabc6-c1f8-11f0-8e3d-489ebd4daa67,CUS_1_00049,RST_1_011,1,Berlin,COU_1_0922,Courier_COU_1_0922,late_delivery,"Auto-generated complaint note",cancelled,None,29,8.97,1,1
baaf6f9f-c1f8-11f0-8e3d-489ebd4daa67,97faaf32-c1f8-11f0-8e3d-489ebd4daa67,CUS_1_00013,RST_1_011,1,Berlin,COU_1_0922,Courier_COU_1_0922,late_delivery,"Auto-generated complaint note",delivered,None,34,17.84,1,0
baaf7163-c1f8-11f0-8e3d-489ebd4daa67,97fab842-c1f8-11f0-8e3d-489ebd4daa67,CUS_9_00071,RST_9_007,9,Essen,COU_9_0908,Courier_COU_9_0908,late_delivery,"Auto-generated complaint note",delivered,None,31,46.33,1,0
baaf72ad-c1f8-11f0-8e3d-489ebd4daa67,97fabf25-c1f8-11f0-8e3d-489ebd4daa67,CUS_9_00081,RST_9_007,9,Essen,COU_9_0908,Courier_COU_9_0908,rude_courier,"Auto-generated complaint note",delivered,None,46,14.86,1,0
baaf736f-c1f8-11f0-8e3d-489ebd4daa67,97fac060-c1f8-11f0-8e3d-489ebd4daa67,CUS_9_00064,RST_9_007,9,Essen,COU_9_0908,Courier_COU_9_0908,rude_courier,"Auto-generated complaint note",failed,None,39,28.59,1,0
baaf7454-c1f8-11f0-8e3d-489ebd4daa67,97fac481-c1f8-11f0-8e3d-489ebd4daa67,CUS_9_00004,RST_9_007,9,Essen,COU_9_0908,Courier_COU_9_0908,late_delivery,"Auto-generated complaint note",cancelled,None,37,9.58,1,1
baaf7547-c1f8-11f0-8e3d-489ebd4daa67,97fac833-c1f8-11f0-8e3d-489ebd4daa67,CUS_9_00084,RST_9_007,9,Essen,COU_9_0908,Courier_COU_9_0908,late_delivery,"Auto-generated complaint note",delivered,None,35,27.41,1,0
baaf7643-c1f8-11f0-8e3d-489ebd4daa67,97facc6e-c1f8-11f0-8e3d-489ebd4daa67,CUS_9_00042,RST_9_007,9,Essen,COU_9_0908,Courier_COU_9_0908,rude_courier,"Auto-generated complaint note",failed,None,46,14.83,1,0
baaf7700-c1f8-11f0-8e3d-489ebd4daa67,97face2b-c1f8-11f0-8e3d-489ebd4daa67,CUS_9_00098,RST_9_007,9,Essen,COU_9_0908,Courier_COU_9_0908,missing_item,"Auto-generated complaint note",cancelled,None,33,24.64,1,1
baaf77c0-c1f8-11f0-8e3d-489ebd4daa67,97fad125-c1f8-11f0-8e3d-489ebd4daa67,CUS_9_00016,RST_9_007,9,Essen,COU_9_0908,Courier_COU_9_0908,missing_item,"Auto-generated complaint note",failed,None,32,15.94,1,0
baaf7961-c1f8-11f0-8e3d-489ebd4daa67,97fadb2f-c1f8-11f0-8e3d-489ebd4daa67,CUS_9_00010,RST_9_007,9,Essen,COU_9_0908,Courier_COU_9_0908,late_delivery,"Auto-generated complaint note",returned,None,31,43.71,1,0
baaf7aa2-c1f8-11f0-8e3d-489ebd4daa67,97fae07d-c1f8-11f0-8e3d-489ebd4daa67,CUS_9_00077,RST_9_007,9,Essen,COU_9_0908,Courier_COU_9_0908,rude_courier,"Auto-generated complaint note",failed,None,37,47.12,1,0
baaf7c23-c1f8-11f0-8e3d-489ebd4daa67,97fae9b5-c1f8-11f0-8e3d-489ebd4daa67,CUS_9_00064,RST_9_007,9,Essen,COU_9_0908,Courier_COU_9_0908,missing_item,"Auto-generated complaint note",returned,None,48,17.71,1,0
baaf7d72-c1f8-11f0-8e3d-489ebd4daa67,97faea25-c1f8-11f0-8e3d-489ebd4daa67,CUS_9_00018,RST_9_007,9,Essen,COU_9_0908,Courier_COU_9_0908,rude_courier,"Auto-generated complaint note",cancelled,None,32,11.5,1,1
baaf7ec1-c1f8-11f0-8e3d-489ebd4daa67,97faeff7-c1f8-11f0-8e3d-489ebd4daa67,CUS_9_00038,RST_9_007,9,Essen,COU_9_0908,Courier_COU_9_0908,late_delivery,"Auto-generated complaint note",delivered,None,30,35.27,1,0
baaf810d-c1f8-11f0-8e3d-489ebd4daa67,97faf849-c1f8-11f0-8e3d-489ebd4daa67,CUS_9_00059,RST_9_007,9,Essen,COU_9_0908,Courier_COU_9_0908,missing_item,"Auto-generated complaint note",returned,None,33,44.14,1,0
baaf81ee-c1f8-11f0-8e3d-489ebd4daa67,97faf997-c1f8-11f0-8e3d-489ebd4daa67,CUS_9_00012,RST_9_007,9,Essen,COU_9_0908,Courier_COU_9_0908,rude_courier,"Auto-generated complaint note",delivered,None,46,45.81,1,0
baaf8403-c1f8-11f0-8e3d-489ebd4daa67,97fb0464-c1f8-11f0-8e3d-489ebd4daa67,CUS_9_00013,RST_9_007,9,Essen,COU_9_0908,Courier_COU_9_0908,rude_courier,"Auto-generated complaint note",cancelled,None,41,21.18,1,1
baaf86f3-c1f8-11f0-8e3d-489ebd4daa67,97fb2554-c1f8-11f0-8e3d-489ebd4daa67,CUS_9_00023,RST_9_007,9,Essen,COU_9_0908,Courier_COU_9_0908,late_delivery,"Auto-generated complaint note",failed,customer_cancel,43,31.83,1,0
baaf888a-c1f8-11f0-8e3d-489ebd4daa67,97fb328e-c1f8-11f0-8e3d-489ebd4daa67,CUS_9_00014,RST_9_007,9,Essen,COU_9_0908,Courier_COU_9_0908,rude_courier,"Auto-generated complaint note",cancelled,None,42,40.09,1,1
baaf89fb-c1f8-11f0-8e3d-489ebd4daa67,97fb3782-c1f8-11f0-8e3d-489ebd4daa67,CUS_9_00026,RST_9_007,9,Essen,COU_9_0908,Courier_COU_9_0908,missing_item,"Auto-generated complaint note",failed,None,49,39.78,1,0
baaf8adb-c1f8-11f0-8e3d-489ebd4daa67,97fb381f-c1f8-11f0-8e3d-489ebd4daa67,CUS_9_00098,RST_9_007,9,Essen,COU_9_0908,Courier_COU_9_0908,late_delivery,"Auto-generated complaint note",returned,None,31,17.53,1,0
baaf8bcf-c1f8-11f0-8e3d-489ebd4daa67,97fb3ae5-c1f8-11f0-8e3d-489ebd4daa67,CUS_9_00075,RST_9_007,9,Essen,COU_9_0908,Courier_COU_9_0908,late_delivery,"Auto-generated complaint note",cancelled,None,34,27.02,1,1
baaf8c9f-c1f8-11f0-8e3d-489ebd4daa67,97fb3ca3-c1f8-11f0-8e3d-489ebd4daa67,CUS_9_00047,RST_9_007,9,Essen,COU_9_0908,Courier_COU_9_0908,missing_item,"Auto-generated complaint note",failed,None,32,40.89,1,0
baaf8edc-c1f8-11f0-8e3d-489ebd4daa67,97fb523b-c1f8-11f0-8e3d-489ebd4daa67,CUS_9_00072,RST_9_007,9,Essen,COU_9_0908,Courier_COU_9_0908,missing_item,"Auto-generated complaint note",cancelled,None,40,37.72,1,1
baaf9023-c1f8-11f0-8e3d-489ebd4daa67,97fb56a3-c1f8-11f0-8e3d-489ebd4daa67,CUS_9_00058,RST_9_007,9,Essen,COU_9_0908,Courier_COU_9_0908,late_delivery,"Auto-generated complaint note",failed,None,40,41.04,1,0
baaf91f7-c1f8-11f0-8e3d-489ebd4daa67,97fb64b2-c1f8-11f0-8e3d-489ebd4daa67,CUS_9_00097,RST_9_007,9,Essen,COU_9_0908,Courier_COU_9_0908,missing_item,"Auto-generated complaint note",delivered,None,32,37.99,1,0
baaf930a-c1f8-11f0-8e3d-489ebd4daa67,97fb65da-c1f8-11f0-8e3d-489ebd4daa67,CUS_9_00093,RST_9_007,9,Essen,COU_9_0908,Courier_COU_9_0908,late_delivery,"Auto-generated complaint note",failed,None,41,18.09,1,0
baaf941e-c1f8-11f0-8e3d-489ebd4daa67,97fb6cc1-c1f8-11f0-8e3d-489ebd4daa67,CUS_9_00084,RST_9_007,9,Essen,COU_9_0908,Courier_COU_9_0908,late_delivery,"Auto-generated complaint note",returned,None,31,26.83,1,0
baaf94f4-c1f8-11f0-8e3d-489ebd4daa67,97fb7037-c1f8-11f0-8e3d-489ebd4daa67,CUS_9_00051,RST_9_007,9,Essen,COU_9_0908,Courier_COU_9_0908,rude_courier,"Auto-generated complaint note",failed,None,48,18.6,1,0
baaf95db-c1f8-11f0-8e3d-489ebd4daa67,97fb74de-c1f8-11f0-8e3d-489ebd4daa67,CUS_9_00005,RST_9_007,9,Essen,COU_9_0908,Courier_COU_9_0908,late_delivery,"Auto-generated complaint note",failed,None,32,44.17,1,0
baaf969a-c1f8-11f0-8e3d-489ebd4daa67,97fb7692-c1f8-11f0-8e3d-489ebd4daa67,CUS_9_00030,RST_9_007,9,Essen,COU_9_0908,Courier_COU_9_0908,rude_courier,"Auto-generated complaint note",delivered,None,45,25.96,1,0
baaf97ca-c1f8-11f0-8e3d-489ebd4daa67,97fb8120-c1f8-11f0-8e3d-489ebd4daa67,CUS_9_00012,RST_9_007,9,Essen,COU_9_0908,Courier_COU_9_0908,rude_courier,"Auto-generated complaint note",failed,None,43,24.86,1,0
baaf9914-c1f8-11f0-8e3d-489ebd4daa67,97fb87e4-c1f8-11f0-8e3d-489ebd4daa67,CUS_9_00027,RST_9_007,9,Essen,COU_9_0908,Courier_COU_9_0908,rude_courier,"Auto-generated complaint note",cancelled,None,30,20.02,1,1
baaf9a6a-c1f8-11f0-8e3d-489ebd4daa67,97fb9560-c1f8-11f0-8e3d-489ebd4daa67,CUS_9_00086,RST_9_007,9,Essen,COU_9_0908,Courier_COU_9_0908,missing_item,"Auto-generated complaint note",failed,None,37,44.56,1,0
baaf9ba9-c1f8-11f0-8e3d-489ebd4daa67,97fb9f5d-c1f8-11f0-8e3d-489ebd4daa67,CUS_9_00072,RST_9_007,9,Essen,COU_9_0908,Courier_COU_9_0908,rude_courier,"Auto-generated complaint note",cancelled,None,47,35.72,1,1
baaf9cc4-c1f8-11f0-8e3d-489ebd4daa67,97fbaa4a-c1f8-11f0-8e3d-489ebd4daa67,CUS_9_00076,RST_9_007,9,Essen,COU_9_0908,Courier_COU_9_0908,rude_courier,"Auto-generated complaint note",failed,None,46,19.34,1,0
baaf9e79-c1f8-11f0-8e3d-489ebd4daa67,97fbbff5-c1f8-11f0-8e3d-489ebd4daa67,CUS_9_00055,RST_9_007,9,Essen,COU_9_0908,Courier_COU_9_0908,rude_courier,"Auto-generated complaint note",returned,None,36,43.13,1,0
baaf9f7c-c1f8-11f0-8e3d-489ebd4daa67,97fbc148-c1f8-11f0-8e3d-489ebd4daa67,CUS_9_00094,RST_9_007,9,Essen,COU_9_0908,Courier_COU_9_0908,late_delivery,"Auto-generated complaint note",delivered,None,45,11,1,0
baafa072-c1f8-11f0-8e3d-489ebd4daa67,97fbc298-c1f8-11f0-8e3d-489ebd4daa67,CUS_9_00092,RST_9_007,9,Essen,COU_9_0908,Courier_COU_9_0908,missing_item,"Auto-generated complaint note",failed,None,38,18.61,1,0
baafa15b-c1f8-11f0-8e3d-489ebd4daa67,97fbc3ea-c1f8-11f0-8e3d-489ebd4daa67,CUS_9_00035,RST_9_007,9,Essen,COU_9_0908,Courier_COU_9_0908,late_delivery,"Auto-generated complaint note",failed,None,38,28.27,1,0
baafa2ae-c1f8-11f0-8e3d-489ebd4daa67,97fbc7b8-c1f8-11f0-8e3d-489ebd4daa67,CUS_9_00029,RST_9_007,9,Essen,COU_9_0908,Courier_COU_9_0908,late_delivery,"Auto-generated complaint note",delivered,None,30,15.63,1,0
baafa3f2-c1f8-11f0-8e3d-489ebd4daa67,97fbcacf-c1f8-11f0-8e3d-489ebd4daa67,CUS_9_00037,RST_9_007,9,Essen,COU_9_0908,Courier_COU_9_0908,late_delivery,"Auto-generated complaint note",returned,None,34,37.62,1,0
baafa4e5-c1f8-11f0-8e3d-489ebd4daa67,97fbcc20-c1f8-11f0-8e3d-489ebd4daa67,CUS_9_00006,RST_9_007,9,Essen,COU_9_0908,Courier_COU_9_0908,missing_item,"Auto-generated complaint note",failed,None,33,12.06,1,0
baafa70b-c1f8-11f0-8e3d-489ebd4daa67,97fbdaba-c1f8-11f0-8e3d-489ebd4daa67,CUS_9_00083,RST_9_007,9,Essen,COU_9_0908,Courier_COU_9_0908,late_delivery,"Auto-generated complaint note",returned,None,37,34.38,1,0
baafa7e4-c1f8-11f0-8e3d-489ebd4daa67,97fbdd4b-c1f8-11f0-8e3d-489ebd4daa67,CUS_9_00058,RST_9_007,9,Essen,COU_9_0908,Courier_COU_9_0908,rude_courier,"Auto-generated complaint note",returned,None,43,38.4,1,0
baafa895-c1f8-11f0-8e3d-489ebd4daa67,97fbdfb6-c1f8-11f0-8e3d-489ebd4daa67,CUS_9_00081,RST_9_007,9,Essen,COU_9_0908,Courier_COU_9_0908,missing_item,"Auto-generated complaint note",failed,None,47,10.08,1,0
baafa9b9-c1f8-11f0-8e3d-489ebd4daa67,97fbe6c2-c1f8-11f0-8e3d-489ebd4daa67,CUS_9_00074,RST_9_007,9,Essen,COU_9_0908,Courier_COU_9_0908,missing_item,"Auto-generated complaint note",returned,None,37,47.56,1,0
baafaa54-c1f8-11f0-8e3d-489ebd4daa67,97fbe7a2-c1f8-11f0-8e3d-489ebd4daa67,CUS_9_00055,RST_9_007,9,Essen,COU_9_0908,Courier_COU_9_0908,missing_item,"Auto-generated complaint note",returned,None,40,20.6,1,0
baafaaee-c1f8-11f0-8e3d-489ebd4daa67,97fbe882-c1f8-11f0-8e3d-489ebd4daa67,CUS_9_00084,RST_9_007,9,Essen,COU_9_0908,Courier_COU_9_0908,late_delivery,"Auto-generated complaint note",cancelled,None,34,21.42,1,1
baafabb8-c1f8-11f0-8e3d-489ebd4daa67,97fbeb17-c1f8-11f0-8e3d-489ebd4daa67,CUS_9_00002,RST_9_007,9,Essen,COU_9_0908,Courier_COU_9_0908,rude_courier,"Auto-generated complaint note",cancelled,None,48,29.44,1,1
baafac7e-c1f8-11f0-8e3d-489ebd4daa67,97fbecdd-c1f8-11f0-8e3d-489ebd4daa67,CUS_9_00042,RST_9_007,9,Essen,COU_9_0908,Courier_COU_9_0908,missing_item,"Auto-generated complaint note",delivered,None,31,46.39,1,0
baafad5e-c1f8-11f0-8e3d-489ebd4daa67,97fbef1c-c1f8-11f0-8e3d-489ebd4daa67,CUS_9_00045,RST_9_007,9,Essen,COU_9_0908,Courier_COU_9_0908,late_delivery,"Auto-generated complaint note",delivered,wrong_item,41,28.37,1,0
baafaf03-c1f8-11f0-8e3d-489ebd4daa67,97fbf68d-c1f8-11f0-8e3d-489ebd4daa67,CUS_9_00063,RST_9_007,9,Essen,COU_9_0908,Courier_COU_9_0908,late_delivery,"Auto-generated complaint note",delivered,None,32,23.79,1,0
baafb0b9-c1f8-11f0-8e3d-489ebd4daa67,97fc0095-c1f8-11f0-8e3d-489ebd4daa67,CUS_9_00087,RST_9_007,9,Essen,COU_9_0908,Courier_COU_9_0908,missing_item,"Auto-generated complaint note",delivered,None,31,19.43,1,0
baafb1c1-c1f8-11f0-8e3d-489ebd4daa67,97fc0428-c1f8-11f0-8e3d-489ebd4daa67,CUS_9_00083,RST_9_007,9,Essen,COU_9_0908,Courier_COU_9_0908,late_delivery,"Auto-generated complaint note",returned,None,41,26.92,1,0
baafb27e-c1f8-11f0-8e3d-489ebd4daa67,97fc05e7-c1f8-11f0-8e3d-489ebd4daa67,CUS_9_00058,RST_9_007,9,Essen,COU_9_0908,Courier_COU_9_0908,rude_courier,"Auto-generated complaint note",cancelled,None,44,8.17,1,1
baafb346-c1f8-11f0-8e3d-489ebd4daa67,97fc06cd-c1f8-11f0-8e3d-489ebd4daa67,CUS_9_00053,RST_9_007,9,Essen,COU_9_0908,Courier_COU_9_0908,missing_item,"Auto-generated complaint note",cancelled,None,47,11.8,1,1
baafb506-c1f8-11f0-8e3d-489ebd4daa67,97fc0ef3-c1f8-11f0-8e3d-489ebd4daa67,CUS_9_00068,RST_9_007,9,Essen,COU_9_0908,Courier_COU_9_0908,late_delivery,"Auto-generated complaint note",returned,None,39,35.77,1,0
baafb691-c1f8-11f0-8e3d-489ebd4daa67,97fc135d-c1f8-11f0-8e3d-489ebd4daa67,CUS_9_00035,RST_9_007,9,Essen,COU_9_0908,Courier_COU_9_0908,rude_courier,"Auto-generated complaint note",cancelled,None,33,40.36,1,1
baafb921-c1f8-11f0-8e3d-489ebd4daa67,97fc1fcf-c1f8-11f0-8e3d-489ebd4daa67,CUS_9_00010,RST_9_007,9,Essen,COU_9_0908,Courier_COU_9_0908,rude_courier,"Auto-generated complaint note",returned,None,49,34.1,1,0
baafba75-c1f8-11f0-8e3d-489ebd4daa67,97fc2266-c1f8-11f0-8e3d-489ebd4daa67,CUS_9_00034,RST_9_007,9,Essen,COU_9_0908,Courier_COU_9_0908,late_delivery,"Auto-generated complaint note",delivered,customer_cancel,38,46.36,1,0
baafbb53-c1f8-11f0-8e3d-489ebd4daa67,97fc234d-c1f8-11f0-8e3d-489ebd4daa67,CUS_9_00013,RST_9_007,9,Essen,COU_9_0908,Courier_COU_9_0908,late_delivery,"Auto-generated complaint note",returned,None,33,26.94,1,0
baafbccc-c1f8-11f0-8e3d-489ebd4daa67,97fc289a-c1f8-11f0-8e3d-489ebd4daa67,CUS_9_00020,RST_9_007,9,Essen,COU_9_0908,Courier_COU_9_0908,rude_courier,"Auto-generated complaint note",cancelled,None,40,31.07,1,1
baafbef4-c1f8-11f0-8e3d-489ebd4daa67,97fc3253-c1f8-11f0-8e3d-489ebd4daa67,CUS_9_00004,RST_9_007,9,Essen,COU_9_0908,Courier_COU_9_0908,missing_item,"Auto-generated complaint note",returned,None,31,36.07,1,0
baafc14c-c1f8-11f0-8e3d-489ebd4daa67,97fc3d3d-c1f8-11f0-8e3d-489ebd4daa67,CUS_9_00001,RST_9_007,9,Essen,COU_9_0908,Courier_COU_9_0908,late_delivery,"Auto-generated complaint note",failed,None,46,22.97,1,0
baafc2f9-c1f8-11f0-8e3d-489ebd4daa67,97fc4341-c1f8-11f0-8e3d-489ebd4daa67,CUS_9_00090,RST_9_007,9,Essen,COU_9_0908,Courier_COU_9_0908,late_delivery,"Auto-generated complaint note",delivered,None,39,28.63,1,0
baafc3eb-c1f8-11f0-8e3d-489ebd4daa67,97fc441e-c1f8-11f0-8e3d-489ebd4daa67,CUS_9_00027,RST_9_007,9,Essen,COU_9_0908,Courier_COU_9_0908,late_delivery,"Auto-generated complaint note",returned,None,35,34.23,1,0
baafc573-c1f8-11f0-8e3d-489ebd4daa67,97fc49f9-c1f8-11f0-8e3d-489ebd4daa67,CUS_9_00086,RST_9_007,9,Essen,COU_9_0908,Courier_COU_9_0908,missing_item,"Auto-generated complaint note",delivered,None,42,27.71,1,0
baafc6a0-c1f8-11f0-8e3d-489ebd4daa67,97fc4c94-c1f8-11f0-8e3d-489ebd4daa67,CUS_9_00065,RST_9_007,9,Essen,COU_9_0908,Courier_COU_9_0908,missing_item,"Auto-generated complaint note",delivered,None,38,42.57,1,0
baafc7de-c1f8-11f0-8e3d-489ebd4daa67,97fc5077-c1f8-11f0-8e3d-489ebd4daa67,CUS_9_00022,RST_9_007,9,Essen,COU_9_0908,Courier_COU_9_0908,late_delivery,"Auto-generated complaint note",returned,None,47,19.27,1,0
baafc958-c1f8-11f0-8e3d-489ebd4daa67,97fc50e5-c1f8-11f0-8e3d-489ebd4daa67,CUS_9_00076,RST_9_007,9,Essen,COU_9_0908,Courier_COU_9_0908,rude_courier,"Auto-generated complaint note",failed,None,33,45.82,1,0
baafca43-c1f8-11f0-8e3d-489ebd4daa67,97fc5153-c1f8-11f0-8e3d-489ebd4daa67,CUS_9_00058,RST_9_007,9,Essen,COU_9_0908,Courier_COU_9_0908,late_delivery,"Auto-generated complaint note",failed,None,31,28.3,1,0
baafcb64-c1f8-11f0-8e3d-489ebd4daa67,97fc5452-c1f8-11f0-8e3d-489ebd4daa67,CUS_9_00064,RST_9_007,9,Essen,COU_9_0908,Courier_COU_9_0908,rude_courier,"Auto-generated complaint note",returned,None,35,16.59,1,0
baafcc6f-c1f8-11f0-8e3d-489ebd4daa67,97fc5607-c1f8-11f0-8e3d-489ebd4daa67,CUS_9_00023,RST_9_007,9,Essen,COU_9_0908,Courier_COU_9_0908,missing_item,"Auto-generated complaint note",failed,None,34,34.48,1,0
baafce9c-c1f8-11f0-8e3d-489ebd4daa67,97fc6179-c1f8-11f0-8e3d-489ebd4daa67,CUS_9_00061,RST_9_007,9,Essen,COU_9_0908,Courier_COU_9_0908,late_delivery,"Auto-generated complaint note",returned,None,30,44.71,1,0
baafcfd0-c1f8-11f0-8e3d-489ebd4daa67,97fc6418-c1f8-11f0-8e3d-489ebd4daa67,CUS_9_00016,RST_9_007,9,Essen,COU_9_0908,Courier_COU_9_0908,late_delivery,"Auto-generated complaint note",failed,None,42,46.36,1,0
baafd094-c1f8-11f0-8e3d-489ebd4daa67,97fc64f4-c1f8-11f0-8e3d-489ebd4daa67,CUS_9_00075,RST_9_007,9,Essen,COU_9_0908,Courier_COU_9_0908,late_delivery,"Auto-generated complaint note",failed,None,35,12.16,1,0
baafd1f5-c1f8-11f0-8e3d-489ebd4daa67,97fc678c-c1f8-11f0-8e3d-489ebd4daa67,CUS_9_00006,RST_9_007,9,Essen,COU_9_0908,Courier_COU_9_0908,missing_item,"Auto-generated complaint note",failed,None,35,28.5,1,0
baafd2e4-c1f8-11f0-8e3d-489ebd4daa67,97fc6b77-c1f8-11f0-8e3d-489ebd4daa67,CUS_9_00015,RST_9_007,9,Essen,COU_9_0908,Courier_COU_9_0908,rude_courier,"Auto-generated complaint note",delivered,None,44,30.97,1,0
baafd491-c1f8-11f0-8e3d-489ebd4daa67,97fc7184-c1f8-11f0-8e3d-489ebd4daa67,CUS_9_00077,RST_9_007,9,Essen,COU_9_0908,Courier_COU_9_0908,late_delivery,"Auto-generated complaint note",delivered,None,34,21.71,1,0
baafd7e2-c1f8-11f0-8e3d-489ebd4daa67,97fc733d-c1f8-11f0-8e3d-489ebd4daa67,CUS_9_00072,RST_9_007,9,Essen,COU_9_0908,Courier_COU_9_0908,missing_item,"Auto-generated complaint note",cancelled,None,30,15.53,1,1
baafd935-c1f8-11f0-8e3d-489ebd4daa67,97fc7565-c1f8-11f0-8e3d-489ebd4daa67,CUS_9_00028,RST_9_007,9,Essen,COU_9_0908,Courier_COU_9_0908,late_delivery,"Auto-generated complaint note",failed,None,33,13.95,1,0
baafda50-c1f8-11f0-8e3d-489ebd4daa67,97fc7742-c1f8-11f0-8e3d-489ebd4daa67,CUS_9_00076,RST_9_007,9,Essen,COU_9_0908,Courier_COU_9_0908,missing_item,"Auto-generated complaint note",failed,None,30,34.98,1,0
baafdb34-c1f8-11f0-8e3d-489ebd4daa67,97fc781f-c1f8-11f0-8e3d-489ebd4daa67,CUS_9_00095,RST_9_007,9,Essen,COU_9_0908,Courier_COU_9_0908,rude_courier,"Auto-generated complaint note",returned,None,47,31.44,1,0
baafdc12-c1f8-11f0-8e3d-489ebd4daa67,97fc788d-c1f8-11f0-8e3d-489ebd4daa67,CUS_9_00053,RST_9_007,9,Essen,COU_9_0908,Courier_COU_9_0908,late_delivery,"Auto-generated complaint note",delivered,None,34,16.75,1,0
baafdd8a-c1f8-11f0-8e3d-489ebd4daa67,97fc7e5a-c1f8-11f0-8e3d-489ebd4daa67,CUS_9_00097,RST_9_007,9,Essen,COU_9_0908,Courier_COU_9_0908,missing_item,"Auto-generated complaint note",delivered,None,35,33.52,1,0
baafde73-c1f8-11f0-8e3d-489ebd4daa67,97fc7f32-c1f8-11f0-8e3d-489ebd4daa67,CUS_9_00093,RST_9_007,9,Essen,COU_9_0908,Courier_COU_9_0908,missing_item,"Auto-generated complaint note",delivered,None,39,36.86,1,0
baafdf5c-c1f8-11f0-8e3d-489ebd4daa67,97fc807e-c1f8-11f0-8e3d-489ebd4daa67,CUS_9_00074,RST_9_007,9,Essen,COU_9_0908,Courier_COU_9_0908,late_delivery,"Auto-generated complaint note",failed,None,47,28.61,1,0
baafe037-c1f8-11f0-8e3d-489ebd4daa67,97fc8160-c1f8-11f0-8e3d-489ebd4daa67,CUS_9_00055,RST_9_007,9,Essen,COU_9_0908,Courier_COU_9_0908,rude_courier,"Auto-generated complaint note",cancelled,None,38,10.3,1,1
baafe1d3-c1f8-11f0-8e3d-489ebd4daa67,97fc87b4-c1f8-11f0-8e3d-489ebd4daa67,CUS_9_00030,RST_9_007,9,Essen,COU_9_0908,Courier_COU_9_0908,rude_courier,"Auto-generated complaint note",delivered,None,36,39.68,1,0
baafe36f-c1f8-11f0-8e3d-489ebd4daa67,97fc8d95-c1f8-11f0-8e3d-489ebd4daa67,CUS_9_00047,RST_9_007,9,Essen,COU_9_0908,Courier_COU_9_0908,missing_item,"Auto-generated complaint note",returned,None,43,9.58,1,0
baafe47e-c1f8-11f0-8e3d-489ebd4daa67,97fc8ee5-c1f8-11f0-8e3d-489ebd4daa67,CUS_9_00091,RST_9_007,9,Essen,COU_9_0908,Courier_COU_9_0908,rude_courier,"Auto-generated complaint note",cancelled,late,49,39.51,1,1
baafe6c1-c1f8-11f0-8e3d-489ebd4daa67,97fc9d58-c1f8-11f0-8e3d-489ebd4daa67,CUS_9_00065,RST_9_007,9,Essen,COU_9_0908,Courier_COU_9_0908,rude_courier,"Auto-generated complaint note",delivered,None,34,29.18,1,0
baafe7bd-c1f8-11f0-8e3d-489ebd4daa67,97fca00b-c1f8-11f0-8e3d-489ebd4daa67,CUS_9_00028,RST_9_007,9,Essen,COU_9_0908,Courier_COU_9_0908,rude_courier,"Auto-generated complaint note",failed,None,45,13.97,1,0
baafe8f7-c1f8-11f0-8e3d-489ebd4daa67,97fca6c7-c1f8-11f0-8e3d-489ebd4daa67,CUS_9_00046,RST_9_007,9,Essen,COU_9_0908,Courier_COU_9_0908,late_delivery,"Auto-generated complaint note",failed,None,44,43.87,1,0
baafe9e0-c1f8-11f0-8e3d-489ebd4daa67,97fca7a7-c1f8-11f0-8e3d-489ebd4daa67,CUS_9_00023,RST_9_007,9,Essen,COU_9_0908,Courier_COU_9_0908,late_delivery,"Auto-generated complaint note",cancelled,None,34,33.97,1,1
baafeac0-c1f8-11f0-8e3d-489ebd4daa67,97fca885-c1f8-11f0-8e3d-489ebd4daa67,CUS_9_00079,RST_9_007,9,Essen,COU_9_0908,Courier_COU_9_0908,late_delivery,"Auto-generated complaint note",failed,None,31,24.8,1,0
baafebe8-c1f8-11f0-8e3d-489ebd4daa67,97fcae3b-c1f8-11f0-8e3d-489ebd4daa67,CUS_9_00038,RST_9_007,9,Essen,COU_9_0908,Courier_COU_9_0908,missing_item,"Auto-generated complaint note",delivered,None,41,24.3,1,0
baafed1e-c1f8-11f0-8e3d-489ebd4daa67,97fcb2b0-c1f8-11f0-8e3d-489ebd4daa67,CUS_9_00005,RST_9_007,9,Essen,COU_9_0908,Courier_COU_9_0908,late_delivery,"Auto-generated complaint note",returned,None,40,42.62,1,0
baafedd3-c1f8-11f0-8e3d-489ebd4daa67,97fcb31f-c1f8-11f0-8e3d-489ebd4daa67,CUS_9_00042,RST_9_007,9,Essen,COU_9_0908,Courier_COU_9_0908,missing_item,"Auto-generated complaint note",failed,None,38,31.36,1,0
baafef19-c1f8-11f0-8e3d-489ebd4daa67,97fcb965-c1f8-11f0-8e3d-489ebd4daa67,CUS_9_00012,RST_9_007,9,Essen,COU_9_0908,Courier_COU_9_0908,rude_courier,"Auto-generated complaint note",delivered,None,46,41.17,1,0
baaff017-c1f8-11f0-8e3d-489ebd4daa67,97fcbb20-c1f8-11f0-8e3d-489ebd4daa67,CUS_9_00006,RST_9_007,9,Essen,COU_9_0908,Courier_COU_9_0908,missing_item,"Auto-generated complaint note",returned,None,42,47.53,1,0
baaff161-c1f8-11f0-8e3d-489ebd4daa67,97fcbeb2-c1f8-11f0-8e3d-489ebd4daa67,CUS_9_00096,RST_9_007,9,Essen,COU_9_0908,Courier_COU_9_0908,late_delivery,"Auto-generated complaint note",cancelled,None,42,15.11,1,1
baaff2dc-c1f8-11f0-8e3d-489ebd4daa67,97fcc368-c1f8-11f0-8e3d-489ebd4daa67,CUS_9_00078,RST_9_007,9,Essen,COU_9_0908,Courier_COU_9_0908,rude_courier,"Auto-generated complaint note",returned,None,33,24.76,1,0
baaff483-c1f8-11f0-8e3d-489ebd4daa67,97fcca92-c1f8-11f0-8e3d-489ebd4daa67,CUS_9_00028,RST_9_007,9,Essen,COU_9_0908,Courier_COU_9_0908,late_delivery,"Auto-generated complaint note",returned,None,33,8.74,1,0
baaff63f-c1f8-11f0-8e3d-489ebd4daa67,97fcd19f-c1f8-11f0-8e3d-489ebd4daa67,CUS_9_00008,RST_9_007,9,Essen,COU_9_0908,Courier_COU_9_0908,rude_courier,"Auto-generated complaint note",failed,late,36,33.72,1,0
baaff787-c1f8-11f0-8e3d-489ebd4daa67,97fcd81b-c1f8-11f0-8e3d-489ebd4daa67,CUS_9_00068,RST_9_007,9,Essen,COU_9_0908,Courier_COU_9_0908,rude_courier,"Auto-generated complaint note",cancelled,None,40,39.6,1,1
baaff962-c1f8-11f0-8e3d-489ebd4daa67,97fce068-c1f8-11f0-8e3d-489ebd4daa67,CUS_9_00029,RST_9_007,9,Essen,COU_9_0908,Courier_COU_9_0908,missing_item,"Auto-generated complaint note",returned,None,46,12.12,1,0
baaffac8-c1f8-11f0-8e3d-489ebd4daa67,97fce520-c1f8-11f0-8e3d-489ebd4daa67,CUS_9_00047,RST_9_007,9,Essen,COU_9_0908,Courier_COU_9_0908,late_delivery,"Auto-generated complaint note",delivered,None,39,31.75,1,0
baaffc14-c1f8-11f0-8e3d-489ebd4daa67,97fce91a-c1f8-11f0-8e3d-489ebd4daa67,CUS_9_00090,RST_9_007,9,Essen,COU_9_0908,Courier_COU_9_0908,missing_item,"Auto-generated complaint note",delivered,None,46,22.3,1,0
baaffd58-c1f8-11f0-8e3d-489ebd4daa67,97fcebb6-c1f8-11f0-8e3d-489ebd4daa67,CUS_9_00010,RST_9_007,9,Essen,COU_9_0908,Courier_COU_9_0908,missing_item,"Auto-generated complaint note",cancelled,None,43,28.88,1,1
baaffe2f-c1f8-11f0-8e3d-489ebd4daa67,97fcec26-c1f8-11f0-8e3d-489ebd4daa67,CUS_9_00057,RST_9_007,9,Essen,COU_9_0908,Courier_COU_9_0908,rude_courier,"Auto-generated complaint note",delivered,None,45,19.44,1,0
baafff8e-c1f8-11f0-8e3d-489ebd4daa67,97fcf087-c1f8-11f0-8e3d-489ebd4daa67,CUS_9_00052,RST_9_007,9,Essen,COU_9_0908,Courier_COU_9_0908,late_delivery,"Auto-generated complaint note",delivered,None,31,29.48,1,0
bab0008a-c1f8-11f0-8e3d-489ebd4daa67,97fcf1cf-c1f8-11f0-8e3d-489ebd4daa67,CUS_9_00087,RST_9_007,9,Essen,COU_9_0908,Courier_COU_9_0908,rude_courier,"Auto-generated complaint note",failed,None,35,10.61,1,0
bab0016c-c1f8-11f0-8e3d-489ebd4daa67,97fcf23c-c1f8-11f0-8e3d-489ebd4daa67,CUS_9_00065,RST_9_007,9,Essen,COU_9_0908,Courier_COU_9_0908,missing_item,"Auto-generated complaint note",failed,None,48,27.46,1,0
bab002ad-c1f8-11f0-8e3d-489ebd4daa67,97fcf61f-c1f8-11f0-8e3d-489ebd4daa67,CUS_9_00022,RST_9_007,9,Essen,COU_9_0908,Courier_COU_9_0908,missing_item,"Auto-generated complaint note",returned,None,33,26.1,1,0
bab0053c-c1f8-11f0-8e3d-489ebd4daa67,97fd08dc-c1f8-11f0-8e3d-489ebd4daa67,CUS_9_00035,RST_9_007,9,Essen,COU_9_0908,Courier_COU_9_0908,late_delivery,"Auto-generated complaint note",returned,None,41,23.37,1,0
bab0063f-c1f8-11f0-8e3d-489ebd4daa67,97fd09ee-c1f8-11f0-8e3d-489ebd4daa67,CUS_9_00005,RST_9_007,9,Essen,COU_9_0908,Courier_COU_9_0908,late_delivery,"Auto-generated complaint note",failed,None,43,40.03,1,0
bab007c6-c1f8-11f0-8e3d-489ebd4daa67,97fd15f0-c1f8-11f0-8e3d-489ebd4daa67,CUS_9_00037,RST_9_007,9,Essen,COU_9_0908,Courier_COU_9_0908,missing_item,"Auto-generated complaint note",returned,None,44,41.23,1,0
bab009dd-c1f8-11f0-8e3d-489ebd4daa67,97fd2a12-c1f8-11f0-8e3d-489ebd4daa67,CUS_9_00034,RST_9_007,9,Essen,COU_9_0908,Courier_COU_9_0908,missing_item,"Auto-generated complaint note",cancelled,None,32,18.51,1,1
bab00aef-c1f8-11f0-8e3d-489ebd4daa67,97fd2af4-c1f8-11f0-8e3d-489ebd4daa67,CUS_9_00078,RST_9_007,9,Essen,COU_9_0908,Courier_COU_9_0908,missing_item,"Auto-generated complaint note",cancelled,None,42,30.06,1,1
bab00c08-c1f8-11f0-8e3d-489ebd4daa67,97fd2d2d-c1f8-11f0-8e3d-489ebd4daa67,CUS_9_00025,RST_9_007,9,Essen,COU_9_0908,Courier_COU_9_0908,rude_courier,"Auto-generated complaint note",delivered,None,46,11.8,1,0
bab00e39-c1f8-11f0-8e3d-489ebd4daa67,97fd39eb-c1f8-11f0-8e3d-489ebd4daa67,CUS_9_00046,RST_9_007,9,Essen,COU_9_0908,Courier_COU_9_0908,rude_courier,"Auto-generated complaint note",returned,None,37,44.52,1,0
bab00f2b-c1f8-11f0-8e3d-489ebd4daa67,97fd3a5d-c1f8-11f0-8e3d-489ebd4daa67,CUS_9_00008,RST_9_007,9,Essen,COU_9_0908,Courier_COU_9_0908,late_delivery,"Auto-generated complaint note",delivered,None,38,21.63,1,0
bab01069-c1f8-11f0-8e3d-489ebd4daa67,97fd3de4-c1f8-11f0-8e3d-489ebd4daa67,CUS_9_00074,RST_9_007,9,Essen,COU_9_0908,Courier_COU_9_0908,missing_item,"Auto-generated complaint note",cancelled,None,48,17.82,1,1
bab01142-c1f8-11f0-8e3d-489ebd4daa67,97fd3e57-c1f8-11f0-8e3d-489ebd4daa67,CUS_9_00068,RST_9_007,9,Essen,COU_9_0908,Courier_COU_9_0908,late_delivery,"Auto-generated complaint note",delivered,None,32,35.05,1,0
bab01222-c1f8-11f0-8e3d-489ebd4daa67,97fd3f37-c1f8-11f0-8e3d-489ebd4daa67,CUS_9_00038,RST_9_007,9,Essen,COU_9_0908,Courier_COU_9_0908,late_delivery,"Auto-generated complaint note",returned,None,41,29.33,1,0
bab01328-c1f8-11f0-8e3d-489ebd4daa67,97fd4165-c1f8-11f0-8e3d-489ebd4daa67,CUS_9_00092,RST_9_007,9,Essen,COU_9_0908,Courier_COU_9_0908,late_delivery,"Auto-generated complaint note",cancelled,None,44,40.44,1,1
bab01c4b-c1f8-11f0-8e3d-489ebd4daa67,97fd431b-c1f8-11f0-8e3d-489ebd4daa67,CUS_9_00005,RST_9_007,9,Essen,COU_9_0908,Courier_COU_9_0908,missing_item,"Auto-generated complaint note",delivered,None,31,9.36,1,0
bab01f0b-c1f8-11f0-8e3d-489ebd4daa67,97fd4e21-c1f8-11f0-8e3d-489ebd4daa67,CUS_9_00048,RST_9_007,9,Essen,COU_9_0908,Courier_COU_9_0908,rude_courier,"Auto-generated complaint note",delivered,None,30,18.64,1,0
bab02040-c1f8-11f0-8e3d-489ebd4daa67,97fd504c-c1f8-11f0-8e3d-489ebd4daa67,CUS_9_00096,RST_9_007,9,Essen,COU_9_0908,Courier_COU_9_0908,late_delivery,"Auto-generated complaint note",delivered,None,34,40.42,1,0
bab0218d-c1f8-11f0-8e3d-489ebd4daa67,97fd5275-c1f8-11f0-8e3d-489ebd4daa67,CUS_9_00085,RST_9_007,9,Essen,COU_9_0908,Courier_COU_9_0908,missing_item,"Auto-generated complaint note",returned,None,33,21.12,1,0
bab02422-c1f8-11f0-8e3d-489ebd4daa67,97fd58d7-c1f8-11f0-8e3d-489ebd4daa67,CUS_9_00065,RST_9_007,9,Essen,COU_9_0878,Courier_COU_9_0878,rude_courier,"Auto-generated complaint note",delivered,None,39,13.26,1,0
bab0262f-c1f8-11f0-8e3d-489ebd4daa67,97fd5fd0-c1f8-11f0-8e3d-489ebd4daa67,CUS_9_00081,RST_9_007,9,Essen,COU_9_0878,Courier_COU_9_0878,rude_courier,"Auto-generated complaint note",cancelled,None,43,29.46,1,1
bab027f8-c1f8-11f0-8e3d-489ebd4daa67,97fd6673-c1f8-11f0-8e3d-489ebd4daa67,CUS_9_00055,RST_9_007,9,Essen,COU_9_0878,Courier_COU_9_0878,late_delivery,"Auto-generated complaint note",delivered,wrong_item,34,17.6,1,0
bab02a06-c1f8-11f0-8e3d-489ebd4daa67,97fd7093-c1f8-11f0-8e3d-489ebd4daa67,CUS_9_00060,RST_9_007,9,Essen,COU_9_0878,Courier_COU_9_0878,rude_courier,"Auto-generated complaint note",cancelled,None,43,39.6,1,1
bab02b39-c1f8-11f0-8e3d-489ebd4daa67,97fd7483-c1f8-11f0-8e3d-489ebd4daa67,CUS_9_00003,RST_9_007,9,Essen,COU_9_0878,Courier_COU_9_0878,rude_courier,"Auto-generated complaint note",returned,None,32,21,1,0
bab02ca8-c1f8-11f0-8e3d-489ebd4daa67,97fd7aa8-c1f8-11f0-8e3d-489ebd4daa67,CUS_9_00013,RST_9_007,9,Essen,COU_9_0878,Courier_COU_9_0878,late_delivery,"Auto-generated complaint note",delivered,None,32,34.89,1,0
bab02e8d-c1f8-11f0-8e3d-489ebd4daa67,97fd82d8-c1f8-11f0-8e3d-489ebd4daa67,CUS_9_00022,RST_9_007,9,Essen,COU_9_0878,Courier_COU_9_0878,late_delivery,"Auto-generated complaint note",failed,None,31,24.37,1,0
bab02f87-c1f8-11f0-8e3d-489ebd4daa67,97fd8503-c1f8-11f0-8e3d-489ebd4daa67,CUS_9_00011,RST_9_007,9,Essen,COU_9_0878,Courier_COU_9_0878,missing_item,"Auto-generated complaint note",delivered,None,36,20.98,1,0
bab0305c-c1f8-11f0-8e3d-489ebd4daa67,97fd8729-c1f8-11f0-8e3d-489ebd4daa67,CUS_9_00018,RST_9_007,9,Essen,COU_9_0878,Courier_COU_9_0878,late_delivery,"Auto-generated complaint note",cancelled,None,44,8.93,1,1
bab03164-c1f8-11f0-8e3d-489ebd4daa67,97fd8a97-c1f8-11f0-8e3d-489ebd4daa67,CUS_9_00093,RST_9_007,9,Essen,COU_9_0878,Courier_COU_9_0878,missing_item,"Auto-generated complaint note",delivered,None,44,37.52,1,0
bab0323c-c1f8-11f0-8e3d-489ebd4daa67,97fd8bde-c1f8-11f0-8e3d-489ebd4daa67,CUS_9_00074,RST_9_007,9,Essen,COU_9_0878,Courier_COU_9_0878,missing_item,"Auto-generated complaint note",delivered,None,35,42.88,1,0
bab032fb-c1f8-11f0-8e3d-489ebd4daa67,97fd8c4d-c1f8-11f0-8e3d-489ebd4daa67,CUS_9_00068,RST_9_007,9,Essen,COU_9_0878,Courier_COU_9_0878,missing_item,"Auto-generated complaint note",cancelled,None,46,19.35,1,1
bab033ed-c1f8-11f0-8e3d-489ebd4daa67,97fd8fb3-c1f8-11f0-8e3d-489ebd4daa67,CUS_9_00002,RST_9_007,9,Essen,COU_9_0878,Courier_COU_9_0878,rude_courier,"Auto-generated complaint note",failed,None,39,31.99,1,0
bab03497-c1f8-11f0-8e3d-489ebd4daa67,97fd9100-c1f8-11f0-8e3d-489ebd4daa67,CUS_9_00005,RST_9_007,9,Essen,COU_9_0878,Courier_COU_9_0878,missing_item,"Auto-generated complaint note",returned,None,37,26.31,1,0
bab03557-c1f8-11f0-8e3d-489ebd4daa67,97fd92b5-c1f8-11f0-8e3d-489ebd4daa67,CUS_9_00026,RST_9_007,9,Essen,COU_9_0878,Courier_COU_9_0878,rude_courier,"Auto-generated complaint note",delivered,None,49,36.44,1,0
bab0361a-c1f8-11f0-8e3d-489ebd4daa67,97fd9447-c1f8-11f0-8e3d-489ebd4daa67,CUS_9_00029,RST_9_007,9,Essen,COU_9_0878,Courier_COU_9_0878,rude_courier,"Auto-generated complaint note",cancelled,None,39,13.21,1,1
bab03788-c1f8-11f0-8e3d-489ebd4daa67,97fd9c26-c1f8-11f0-8e3d-489ebd4daa67,CUS_9_00096,RST_9_007,9,Essen,COU_9_0878,Courier_COU_9_0878,missing_item,"Auto-generated complaint note",failed,late,48,16.38,1,0
bab0386f-c1f8-11f0-8e3d-489ebd4daa67,97fd9f94-c1f8-11f0-8e3d-489ebd4daa67,CUS_9_00062,RST_9_007,9,Essen,COU_9_0878,Courier_COU_9_0878,rude_courier,"Auto-generated complaint note",failed,None,37,16.98,1,0
bab0393a-c1f8-11f0-8e3d-489ebd4daa67,97fda1b9-c1f8-11f0-8e3d-489ebd4daa67,CUS_9_00021,RST_9_007,9,Essen,COU_9_0878,Courier_COU_9_0878,missing_item,"Auto-generated complaint note",failed,None,39,23.15,1,0
bab03b5e-c1f8-11f0-8e3d-489ebd4daa67,97fdadaf-c1f8-11f0-8e3d-489ebd4daa67,CUS_9_00008,RST_9_007,9,Essen,COU_9_0878,Courier_COU_9_0878,late_delivery,"Auto-generated complaint note",failed,wrong_item,33,44.55,1,0
bab03c51-c1f8-11f0-8e3d-489ebd4daa67,97fdb118-c1f8-11f0-8e3d-489ebd4daa67,CUS_9_00097,RST_9_007,9,Essen,COU_9_0878,Courier_COU_9_0878,missing_item,"Auto-generated complaint note",delivered,None,40,8.42,1,0
bab03dfd-c1f8-11f0-8e3d-489ebd4daa67,97fdbbec-c1f8-11f0-8e3d-489ebd4daa67,CUS_9_00059,RST_9_007,9,Essen,COU_9_0878,Courier_COU_9_0878,rude_courier,"Auto-generated complaint note",cancelled,None,32,24.14,1,1
bab03f10-c1f8-11f0-8e3d-489ebd4daa67,97fdbefa-c1f8-11f0-8e3d-489ebd4daa67,CUS_9_00006,RST_9_007,9,Essen,COU_9_0878,Courier_COU_9_0878,rude_courier,"Auto-generated complaint note",delivered,None,40,14.56,1,0
bab03fcd-c1f8-11f0-8e3d-489ebd4daa67,97fdbf66-c1f8-11f0-8e3d-489ebd4daa67,CUS_9_00091,RST_9_007,9,Essen,COU_9_0878,Courier_COU_9_0878,rude_courier,"Auto-generated complaint note",delivered,None,49,31.21,1,0
bab040db-c1f8-11f0-8e3d-489ebd4daa67,97fdc1fc-c1f8-11f0-8e3d-489ebd4daa67,CUS_9_00027,RST_9_007,9,Essen,COU_9_0878,Courier_COU_9_0878,rude_courier,"Auto-generated complaint note",cancelled,None,33,32.39,1,1
bab0420a-c1f8-11f0-8e3d-489ebd4daa67,97fdc50c-c1f8-11f0-8e3d-489ebd4daa67,CUS_9_00066,RST_9_007,9,Essen,COU_9_0878,Courier_COU_9_0878,late_delivery,"Auto-generated complaint note",returned,customer_cancel,41,31.41,1,0
bab04329-c1f8-11f0-8e3d-489ebd4daa67,97fdc831-c1f8-11f0-8e3d-489ebd4daa67,CUS_9_00021,RST_9_007,9,Essen,COU_9_0878,Courier_COU_9_0878,late_delivery,"Auto-generated complaint note",returned,wrong_item,40,43.32,1,0
bab043fb-c1f8-11f0-8e3d-489ebd4daa67,97fdc90d-c1f8-11f0-8e3d-489ebd4daa67,CUS_9_00077,RST_9_007,9,Essen,COU_9_0878,Courier_COU_9_0878,rude_courier,"Auto-generated complaint note",failed,None,37,40.73,1,0
bab044c0-c1f8-11f0-8e3d-489ebd4daa67,97fdc9e8-c1f8-11f0-8e3d-489ebd4daa67,CUS_9_00087,RST_9_007,9,Essen,COU_9_0878,Courier_COU_9_0878,missing_item,"Auto-generated complaint note",failed,None,41,10.43,1,0
bab04580-c1f8-11f0-8e3d-489ebd4daa67,97fdcac8-c1f8-11f0-8e3d-489ebd4daa67,CUS_9_00072,RST_9_007,9,Essen,COU_9_0878,Courier_COU_9_0878,missing_item,"Auto-generated complaint note",failed,None,46,19.69,1,0
bab046ab-c1f8-11f0-8e3d-489ebd4daa67,97fdceb7-c1f8-11f0-8e3d-489ebd4daa67,CUS_9_00022,RST_9_007,9,Essen,COU_9_0878,Courier_COU_9_0878,late_delivery,"Auto-generated complaint note",returned,None,35,37.37,1,0
bab047f6-c1f8-11f0-8e3d-489ebd4daa67,97fdd239-c1f8-11f0-8e3d-489ebd4daa67,CUS_9_00039,RST_9_007,9,Essen,COU_9_0878,Courier_COU_9_0878,late_delivery,"Auto-generated complaint note",failed,None,33,33.92,1,0
bab04896-c1f8-11f0-8e3d-489ebd4daa67,97fdd314-c1f8-11f0-8e3d-489ebd4daa67,CUS_9_00018,RST_9_007,9,Essen,COU_9_0878,Courier_COU_9_0878,late_delivery,"Auto-generated complaint note",failed,None,39,23.13,1,0
bab04943-c1f8-11f0-8e3d-489ebd4daa67,97fdd4d3-c1f8-11f0-8e3d-489ebd4daa67,CUS_9_00009,RST_9_007,9,Essen,COU_9_0878,Courier_COU_9_0878,missing_item,"Auto-generated complaint note",returned,None,34,32.07,1,0
bab049e9-c1f8-11f0-8e3d-489ebd4daa67,97fdd622-c1f8-11f0-8e3d-489ebd4daa67,CUS_9_00097,RST_9_007,9,Essen,COU_9_0878,Courier_COU_9_0878,rude_courier,"Auto-generated complaint note",returned,None,34,43.21,1,0
bab04a9e-c1f8-11f0-8e3d-489ebd4daa67,97fdd849-c1f8-11f0-8e3d-489ebd4daa67,CUS_9_00055,RST_9_007,9,Essen,COU_9_0878,Courier_COU_9_0878,rude_courier,"Auto-generated complaint note",cancelled,None,30,30.38,1,1
bab04c0c-c1f8-11f0-8e3d-489ebd4daa67,97fde1fd-c1f8-11f0-8e3d-489ebd4daa67,CUS_9_00060,RST_9_007,9,Essen,COU_9_0878,Courier_COU_9_0878,missing_item,"Auto-generated complaint note",returned,None,32,39.95,1,0
bab04d22-c1f8-11f0-8e3d-489ebd4daa67,97fde876-c1f8-11f0-8e3d-489ebd4daa67,CUS_9_00015,RST_9_007,9,Essen,COU_9_0878,Courier_COU_9_0878,missing_item,"Auto-generated complaint note",failed,None,36,25.06,1,0
bab04e24-c1f8-11f0-8e3d-489ebd4daa67,97fdeda9-c1f8-11f0-8e3d-489ebd4daa67,CUS_9_00021,RST_9_007,9,Essen,COU_9_0878,Courier_COU_9_0878,late_delivery,"Auto-generated complaint note",delivered,None,37,36.89,1,0
bab04eb8-c1f8-11f0-8e3d-489ebd4daa67,97fdee85-c1f8-11f0-8e3d-489ebd4daa67,CUS_9_00077,RST_9_007,9,Essen,COU_9_0878,Courier_COU_9_0878,rude_courier,"Auto-generated complaint note",returned,None,31,29.83,1,0
bab05056-c1f8-11f0-8e3d-489ebd4daa67,97fdf7b1-c1f8-11f0-8e3d-489ebd4daa67,CUS_9_00039,RST_9_007,9,Essen,COU_9_0878,Courier_COU_9_0878,late_delivery,"Auto-generated complaint note",cancelled,None,38,12.48,1,1
bab05149-c1f8-11f0-8e3d-489ebd4daa67,97fdfbd8-c1f8-11f0-8e3d-489ebd4daa67,CUS_9_00097,RST_9_007,9,Essen,COU_9_0878,Courier_COU_9_0878,late_delivery,"Auto-generated complaint note",returned,None,42,42.36,1,0
bab051d6-c1f8-11f0-8e3d-489ebd4daa67,97fdfc47-c1f8-11f0-8e3d-489ebd4daa67,CUS_9_00093,RST_9_007,9,Essen,COU_9_0878,Courier_COU_9_0878,missing_item,"Auto-generated complaint note",failed,None,44,46.42,1,0
bab05292-c1f8-11f0-8e3d-489ebd4daa67,97fdfe75-c1f8-11f0-8e3d-489ebd4daa67,CUS_9_00038,RST_9_007,9,Essen,COU_9_0878,Courier_COU_9_0878,missing_item,"Auto-generated complaint note",returned,None,42,9.91,1,0
bab05409-c1f8-11f0-8e3d-489ebd4daa67,97fe0825-c1f8-11f0-8e3d-489ebd4daa67,CUS_9_00012,RST_9_007,9,Essen,COU_9_0878,Courier_COU_9_0878,missing_item,"Auto-generated complaint note",delivered,None,34,18.35,1,0
bab056aa-c1f8-11f0-8e3d-489ebd4daa67,97fe0c6d-c1f8-11f0-8e3d-489ebd4daa67,CUS_9_00003,RST_9_007,9,Essen,COU_9_0878,Courier_COU_9_0878,rude_courier,"Auto-generated complaint note",returned,None,36,36.57,1,0
bab057ef-c1f8-11f0-8e3d-489ebd4daa67,97fe1415-c1f8-11f0-8e3d-489ebd4daa67,CUS_9_00078,RST_9_007,9,Essen,COU_9_0878,Courier_COU_9_0878,rude_courier,"Auto-generated complaint note",cancelled,None,40,17.8,1,1
bab058c0-c1f8-11f0-8e3d-489ebd4daa67,97fe16b3-c1f8-11f0-8e3d-489ebd4daa67,CUS_9_00087,RST_9_007,9,Essen,COU_9_0878,Courier_COU_9_0878,late_delivery,"Auto-generated complaint note",returned,None,41,33.57,1,0
bab05966-c1f8-11f0-8e3d-489ebd4daa67,97fe178f-c1f8-11f0-8e3d-489ebd4daa67,CUS_9_00072,RST_9_007,9,Essen,COU_9_0878,Courier_COU_9_0878,late_delivery,"Auto-generated complaint note",delivered,None,41,34.98,1,0
bab05c9e-c1f8-11f0-8e3d-489ebd4daa67,97fe2e86-c1f8-11f0-8e3d-489ebd4daa67,CUS_9_00059,RST_9_007,9,Essen,COU_9_0878,Courier_COU_9_0878,late_delivery,"Auto-generated complaint note",returned,None,44,15.33,1,0
bab05d91-c1f8-11f0-8e3d-489ebd4daa67,97fe2ef6-c1f8-11f0-8e3d-489ebd4daa67,CUS_9_00075,RST_9_007,9,Essen,COU_9_0878,Courier_COU_9_0878,rude_courier,"Auto-generated complaint note",delivered,None,45,36.79,1,0
bab05eb9-c1f8-11f0-8e3d-489ebd4daa67,97fe3314-c1f8-11f0-8e3d-489ebd4daa67,CUS_9_00049,RST_9_007,9,Essen,COU_9_0878,Courier_COU_9_0878,late_delivery,"Auto-generated complaint note",returned,None,39,43.04,1,0
bab05f69-c1f8-11f0-8e3d-489ebd4daa67,97fe3380-c1f8-11f0-8e3d-489ebd4daa67,CUS_9_00048,RST_9_007,9,Essen,COU_9_0878,Courier_COU_9_0878,late_delivery,"Auto-generated complaint note",delivered,None,35,36.39,1,0
bab06052-c1f8-11f0-8e3d-489ebd4daa67,97fe3681-c1f8-11f0-8e3d-489ebd4daa67,CUS_9_00017,RST_9_007,9,Essen,COU_9_0878,Courier_COU_9_0878,rude_courier,"Auto-generated complaint note",failed,None,35,15.31,1,0
bab061cc-c1f8-11f0-8e3d-489ebd4daa67,97fe3832-c1f8-11f0-8e3d-489ebd4daa67,CUS_9_00066,RST_9_007,9,Essen,COU_9_0878,Courier_COU_9_0878,late_delivery,"Auto-generated complaint note",returned,None,41,15.39,1,0
bab06306-c1f8-11f0-8e3d-489ebd4daa67,97fe3cea-c1f8-11f0-8e3d-489ebd4daa67,CUS_9_00087,RST_9_007,9,Essen,COU_9_0878,Courier_COU_9_0878,missing_item,"Auto-generated complaint note",cancelled,None,34,26.84,1,1
bab063d7-c1f8-11f0-8e3d-489ebd4daa67,97fe3e9e-c1f8-11f0-8e3d-489ebd4daa67,CUS_9_00031,RST_9_007,9,Essen,COU_9_0878,Courier_COU_9_0878,late_delivery,"Auto-generated complaint note",returned,None,31,19.49,1,0
bab0649f-c1f8-11f0-8e3d-489ebd4daa67,97fe40c3-c1f8-11f0-8e3d-489ebd4daa67,CUS_9_00071,RST_9_007,9,Essen,COU_9_0878,Courier_COU_9_0878,late_delivery,"Auto-generated complaint note",cancelled,None,43,29.05,1,1
bab06655-c1f8-11f0-8e3d-489ebd4daa67,97fe420b-c1f8-11f0-8e3d-489ebd4daa67,CUS_9_00058,RST_9_007,9,Essen,COU_9_0878,Courier_COU_9_0878,rude_courier,"Auto-generated complaint note",cancelled,None,36,28.77,1,1
bab06729-c1f8-11f0-8e3d-489ebd4daa67,97fe4351-c1f8-11f0-8e3d-489ebd4daa67,CUS_9_00011,RST_9_007,9,Essen,COU_9_0878,Courier_COU_9_0878,missing_item,"Auto-generated complaint note",returned,None,37,41.7,1,0
bab068b4-c1f8-11f0-8e3d-489ebd4daa67,97fe49d7-c1f8-11f0-8e3d-489ebd4daa67,CUS_9_00074,RST_9_007,9,Essen,COU_9_0878,Courier_COU_9_0878,late_delivery,"Auto-generated complaint note",delivered,None,35,15.89,1,0
bab06af4-c1f8-11f0-8e3d-489ebd4daa67,97fe53f3-c1f8-11f0-8e3d-489ebd4daa67,CUS_9_00059,RST_9_007,9,Essen,COU_9_0878,Courier_COU_9_0878,rude_courier,"Auto-generated complaint note",returned,None,30,39.73,1,0
bab06c26-c1f8-11f0-8e3d-489ebd4daa67,97fe5689-c1f8-11f0-8e3d-489ebd4daa67,CUS_9_00043,RST_9_007,9,Essen,COU_9_0878,Courier_COU_9_0878,rude_courier,"Auto-generated complaint note",failed,None,35,9.68,1,0
bab06cdf-c1f8-11f0-8e3d-489ebd4daa67,97fe576b-c1f8-11f0-8e3d-489ebd4daa67,CUS_9_00091,RST_9_007,9,Essen,COU_9_0878,Courier_COU_9_0878,late_delivery,"Auto-generated complaint note",returned,None,35,15.55,1,0
bab06d8b-c1f8-11f0-8e3d-489ebd4daa67,97fe57d8-c1f8-11f0-8e3d-489ebd4daa67,CUS_9_00049,RST_9_007,9,Essen,COU_9_0878,Courier_COU_9_0878,late_delivery,"Auto-generated complaint note",cancelled,None,39,15.06,1,1
bab06e4d-c1f8-11f0-8e3d-489ebd4daa67,97fe58ae-c1f8-11f0-8e3d-489ebd4daa67,CUS_9_00003,RST_9_007,9,Essen,COU_9_0878,Courier_COU_9_0878,rude_courier,"Auto-generated complaint note",delivered,None,37,30.68,1,0
bab06f98-c1f8-11f0-8e3d-489ebd4daa67,97fe61a2-c1f8-11f0-8e3d-489ebd4daa67,CUS_9_00086,RST_9_007,9,Essen,COU_9_0878,Courier_COU_9_0878,late_delivery,"Auto-generated complaint note",delivered,None,48,26.45,1,0
bab070bf-c1f8-11f0-8e3d-489ebd4daa67,97fe665b-c1f8-11f0-8e3d-489ebd4daa67,CUS_9_00082,RST_9_007,9,Essen,COU_9_0878,Courier_COU_9_0878,late_delivery,"Auto-generated complaint note",delivered,None,34,15.84,1,0
bab07301-c1f8-11f0-8e3d-489ebd4daa67,97fe6d43-c1f8-11f0-8e3d-489ebd4daa67,CUS_9_00008,RST_9_007,9,Essen,COU_9_0878,Courier_COU_9_0878,missing_item,"Auto-generated complaint note",cancelled,None,36,27.71,1,1
bab073d5-c1f8-11f0-8e3d-489ebd4daa67,97fe6e8f-c1f8-11f0-8e3d-489ebd4daa67,CUS_9_00079,RST_9_007,9,Essen,COU_9_0878,Courier_COU_9_0878,missing_item,"Auto-generated complaint note",cancelled,None,32,20.59,1,1
bab076c3-c1f8-11f0-8e3d-489ebd4daa67,97fe84db-c1f8-11f0-8e3d-489ebd4daa67,CUS_9_00017,RST_9_007,9,Essen,COU_9_0878,Courier_COU_9_0878,late_delivery,"Auto-generated complaint note",failed,None,32,35.42,1,0
bab077b9-c1f8-11f0-8e3d-489ebd4daa67,97fe854b-c1f8-11f0-8e3d-489ebd4daa67,CUS_9_00010,RST_9_007,9,Essen,COU_9_0878,Courier_COU_9_0878,late_delivery,"Auto-generated complaint note",returned,None,46,15.33,1,0
bab078a1-c1f8-11f0-8e3d-489ebd4daa67,97fe877b-c1f8-11f0-8e3d-489ebd4daa67,CUS_9_00062,RST_9_007,9,Essen,COU_9_0878,Courier_COU_9_0878,late_delivery,"Auto-generated complaint note",failed,None,40,30.81,1,0
bab07a21-c1f8-11f0-8e3d-489ebd4daa67,97fe8d8a-c1f8-11f0-8e3d-489ebd4daa67,CUS_9_00020,RST_9_007,9,Essen,COU_9_0878,Courier_COU_9_0878,late_delivery,"Auto-generated complaint note",failed,late,45,33.19,1,0
bab07ba2-c1f8-11f0-8e3d-489ebd4daa67,97fe92de-c1f8-11f0-8e3d-489ebd4daa67,CUS_9_00081,RST_9_007,9,Essen,COU_9_0878,Courier_COU_9_0878,late_delivery,"Auto-generated complaint note",cancelled,None,32,27.7,1,1
bab07dde-c1f8-11f0-8e3d-489ebd4daa67,97fe9f63-c1f8-11f0-8e3d-489ebd4daa67,CUS_9_00026,RST_9_007,9,Essen,COU_9_0878,Courier_COU_9_0878,late_delivery,"Auto-generated complaint note",cancelled,None,40,11.28,1,1
bab07f67-c1f8-11f0-8e3d-489ebd4daa67,97fea3e7-c1f8-11f0-8e3d-489ebd4daa67,CUS_9_00012,RST_9_007,9,Essen,COU_9_0878,Courier_COU_9_0878,late_delivery,"Auto-generated complaint note",cancelled,None,34,41.89,1,1
bab08213-c1f8-11f0-8e3d-489ebd4daa67,97feb45e-c1f8-11f0-8e3d-489ebd4daa67,CUS_9_00028,RST_9_007,9,Essen,COU_9_0878,Courier_COU_9_0878,late_delivery,"Auto-generated complaint note",returned,None,47,26.5,1,0
bab0838a-c1f8-11f0-8e3d-489ebd4daa67,97feb8b3-c1f8-11f0-8e3d-489ebd4daa67,CUS_9_00081,RST_9_007,9,Essen,COU_9_0878,Courier_COU_9_0878,rude_courier,"Auto-generated complaint note",failed,None,32,21.13,1,0
bab08460-c1f8-11f0-8e3d-489ebd4daa67,97feb920-c1f8-11f0-8e3d-489ebd4daa67,CUS_9_00039,RST_9_007,9,Essen,COU_9_0878,Courier_COU_9_0878,rude_courier,"Auto-generated complaint note",delivered,None,33,18.08,1,0
bab08530-c1f8-11f0-8e3d-489ebd4daa67,97feb9fd-c1f8-11f0-8e3d-489ebd4daa67,CUS_9_00018,RST_9_007,9,Essen,COU_9_0878,Courier_COU_9_0878,rude_courier,"Auto-generated complaint note",failed,None,33,32.92,1,0
bab08644-c1f8-11f0-8e3d-489ebd4daa67,97febc9a-c1f8-11f0-8e3d-489ebd4daa67,CUS_9_00004,RST_9_007,9,Essen,COU_9_0878,Courier_COU_9_0878,missing_item,"Auto-generated complaint note",cancelled,None,47,18,1,1
bab08751-c1f8-11f0-8e3d-489ebd4daa67,97febf39-c1f8-11f0-8e3d-489ebd4daa67,CUS_9_00055,RST_9_007,9,Essen,COU_9_0878,Courier_COU_9_0878,late_delivery,"Auto-generated complaint note",returned,None,45,11.86,1,0
bab08820-c1f8-11f0-8e3d-489ebd4daa67,97fec014-c1f8-11f0-8e3d-489ebd4daa67,CUS_9_00084,RST_9_007,9,Essen,COU_9_0878,Courier_COU_9_0878,late_delivery,"Auto-generated complaint note",delivered,None,35,45.72,1,0
bab0890e-c1f8-11f0-8e3d-489ebd4daa67,97fec3ab-c1f8-11f0-8e3d-489ebd4daa67,CUS_9_00005,RST_9_007,9,Essen,COU_9_0878,Courier_COU_9_0878,late_delivery,"Auto-generated complaint note",returned,None,35,26.81,1,0
bab089fe-c1f8-11f0-8e3d-489ebd4daa67,97fec724-c1f8-11f0-8e3d-489ebd4daa67,CUS_9_00001,RST_9_007,9,Essen,COU_9_0878,Courier_COU_9_0878,rude_courier,"Auto-generated complaint note",returned,None,41,31.48,1,0
bab08aa9-c1f8-11f0-8e3d-489ebd4daa67,97fec86d-c1f8-11f0-8e3d-489ebd4daa67,CUS_9_00075,RST_9_007,9,Essen,COU_9_0878,Courier_COU_9_0878,rude_courier,"Auto-generated complaint note",failed,None,33,9.79,1,0
bab08b7c-c1f8-11f0-8e3d-489ebd4daa67,97fecb1a-c1f8-11f0-8e3d-489ebd4daa67,CUS_9_00043,RST_9_007,9,Essen,COU_9_0878,Courier_COU_9_0878,late_delivery,"Auto-generated complaint note",failed,None,32,36.36,1,0
bab08c29-c1f8-11f0-8e3d-489ebd4daa67,97fecc73-c1f8-11f0-8e3d-489ebd4daa67,CUS_9_00049,RST_9_007,9,Essen,COU_9_0878,Courier_COU_9_0878,rude_courier,"Auto-generated complaint note",returned,None,35,36.1,1,0
bab08cbd-c1f8-11f0-8e3d-489ebd4daa67,97fecce3-c1f8-11f0-8e3d-489ebd4daa67,CUS_9_00048,RST_9_007,9,Essen,COU_9_0878,Courier_COU_9_0878,rude_courier,"Auto-generated complaint note",delivered,None,35,44.54,1,0
bab08d7b-c1f8-11f0-8e3d-489ebd4daa67,97fed042-c1f8-11f0-8e3d-489ebd4daa67,CUS_9_00015,RST_9_007,9,Essen,COU_9_0878,Courier_COU_9_0878,rude_courier,"Auto-generated complaint note",delivered,wrong_item,32,11.71,1,0
bab08ed1-c1f8-11f0-8e3d-489ebd4daa67,97fed7fb-c1f8-11f0-8e3d-489ebd4daa67,CUS_9_00072,RST_9_007,9,Essen,COU_9_0878,Courier_COU_9_0878,rude_courier,"Auto-generated complaint note",cancelled,None,34,14.43,1,1
bab08fac-c1f8-11f0-8e3d-489ebd4daa67,97fedb10-c1f8-11f0-8e3d-489ebd4daa67,CUS_9_00071,RST_9_007,9,Essen,COU_9_0878,Courier_COU_9_0878,missing_item,"Auto-generated complaint note",delivered,None,46,34.69,1,0
bab09105-c1f8-11f0-8e3d-489ebd4daa67,97fee606-c1f8-11f0-8e3d-489ebd4daa67,CUS_9_00097,RST_9_007,9,Essen,COU_9_0878,Courier_COU_9_0878,rude_courier,"Auto-generated complaint note",delivered,None,43,19.7,1,0
bab09220-c1f8-11f0-8e3d-489ebd4daa67,97feeba1-c1f8-11f0-8e3d-489ebd4daa67,CUS_9_00050,RST_9_007,9,Essen,COU_9_0878,Courier_COU_9_0878,rude_courier,"Auto-generated complaint note",cancelled,None,47,12.04,1,1
bab092a8-c1f8-11f0-8e3d-489ebd4daa67,97feec11-c1f8-11f0-8e3d-489ebd4daa67,CUS_9_00035,RST_9_007,9,Essen,COU_9_0878,Courier_COU_9_0878,rude_courier,"Auto-generated complaint note",failed,None,38,18.59,1,0
bab09486-c1f8-11f0-8e3d-489ebd4daa67,97fefb17-c1f8-11f0-8e3d-489ebd4daa67,CUS_9_00057,RST_9_007,9,Essen,COU_9_0878,Courier_COU_9_0878,rude_courier,"Auto-generated complaint note",delivered,None,49,31.97,1,0
bab09596-c1f8-11f0-8e3d-489ebd4daa67,97feffe2-c1f8-11f0-8e3d-489ebd4daa67,CUS_9_00077,RST_9_007,9,Essen,COU_9_0878,Courier_COU_9_0878,missing_item,"Auto-generated complaint note",delivered,None,45,18.88,1,0
bab09660-c1f8-11f0-8e3d-489ebd4daa67,97ff0208-c1f8-11f0-8e3d-489ebd4daa67,CUS_9_00073,RST_9_007,9,Essen,COU_9_0878,Courier_COU_9_0878,late_delivery,"Auto-generated complaint note",failed,None,31,10.91,1,0
bab0972a-c1f8-11f0-8e3d-489ebd4daa67,97ff049d-c1f8-11f0-8e3d-489ebd4daa67,CUS_9_00071,RST_9_007,9,Essen,COU_9_0878,Courier_COU_9_0878,rude_courier,"Auto-generated complaint note",cancelled,None,42,16.88,1,1
bab0980e-c1f8-11f0-8e3d-489ebd4daa67,97ff080d-c1f8-11f0-8e3d-489ebd4daa67,CUS_9_00081,RST_9_007,9,Essen,COU_9_0878,Courier_COU_9_0878,rude_courier,"Auto-generated complaint note",returned,None,45,39.97,1,0
bab09895-c1f8-11f0-8e3d-489ebd4daa67,97ff087c-c1f8-11f0-8e3d-489ebd4daa67,CUS_9_00039,RST_9_007,9,Essen,COU_9_0878,Courier_COU_9_0878,rude_courier,"Auto-generated complaint note",delivered,None,36,16.08,1,0
bab099b8-c1f8-11f0-8e3d-489ebd4daa67,97ff0e89-c1f8-11f0-8e3d-489ebd4daa67,CUS_9_00055,RST_9_007,9,Essen,COU_9_0878,Courier_COU_9_0878,rude_courier,"Auto-generated complaint note",failed,None,39,13.41,1,0
bab09a5b-c1f8-11f0-8e3d-489ebd4daa67,97ff0f66-c1f8-11f0-8e3d-489ebd4daa67,CUS_9_00084,RST_9_007,9,Essen,COU_9_0878,Courier_COU_9_0878,late_delivery,"Auto-generated complaint note",failed,None,48,11.48,1,0
bab09b70-c1f8-11f0-8e3d-489ebd4daa67,97ff1521-c1f8-11f0-8e3d-489ebd4daa67,CUS_9_00098,RST_9_007,9,Essen,COU_9_0878,Courier_COU_9_0878,missing_item,"Auto-generated complaint note",returned,customer_cancel,45,11.75,1,0
bab09c69-c1f8-11f0-8e3d-489ebd4daa67,97ff18f7-c1f8-11f0-8e3d-489ebd4daa67,CUS_9_00037,RST_9_007,9,Essen,COU_9_0878,Courier_COU_9_0878,late_delivery,"Auto-generated complaint note",returned,None,39,26.69,1,0
bab09cff-c1f8-11f0-8e3d-489ebd4daa67,97ff1964-c1f8-11f0-8e3d-489ebd4daa67,CUS_9_00047,RST_9_007,9,Essen,COU_9_0878,Courier_COU_9_0878,rude_courier,"Auto-generated complaint note",returned,None,44,16.85,1,0
bab09df5-c1f8-11f0-8e3d-489ebd4daa67,97ff1f09-c1f8-11f0-8e3d-489ebd4daa67,CUS_9_00096,RST_9_007,9,Essen,COU_9_0878,Courier_COU_9_0878,missing_item,"Auto-generated complaint note",returned,None,42,27.99,1,0
bab09fb4-c1f8-11f0-8e3d-489ebd4daa67,97ff2a78-c1f8-11f0-8e3d-489ebd4daa67,CUS_9_00083,RST_9_007,9,Essen,COU_9_0878,Courier_COU_9_0878,late_delivery,"Auto-generated complaint note",delivered,wrong_item,39,15.27,1,0
bab0a15b-c1f8-11f0-8e3d-489ebd4daa67,97ff3494-c1f8-11f0-8e3d-489ebd4daa67,CUS_9_00068,RST_9_007,9,Essen,COU_9_0878,Courier_COU_9_0878,missing_item,"Auto-generated complaint note",cancelled,None,37,32.84,1,1
bab0a225-c1f8-11f0-8e3d-489ebd4daa67,97ff36bc-c1f8-11f0-8e3d-489ebd4daa67,CUS_9_00014,RST_9_007,9,Essen,COU_9_0878,Courier_COU_9_0878,missing_item,"Auto-generated complaint note",returned,None,44,15.29,1,0
bab0a2ca-c1f8-11f0-8e3d-489ebd4daa67,97ff3803-c1f8-11f0-8e3d-489ebd4daa67,CUS_9_00002,RST_9_007,9,Essen,COU_9_0878,Courier_COU_9_0878,late_delivery,"Auto-generated complaint note",delivered,None,30,31.8,1,0
bab0a3cb-c1f8-11f0-8e3d-489ebd4daa67,97ff386f-c1f8-11f0-8e3d-489ebd4daa67,CUS_9_00050,RST_9_007,9,Essen,COU_9_0878,Courier_COU_9_0878,rude_courier,"Auto-generated complaint note",delivered,None,43,13.8,1,0
bab0a4f1-c1f8-11f0-8e3d-489ebd4daa67,97ff3e0c-c1f8-11f0-8e3d-489ebd4daa67,CUS_9_00075,RST_9_007,9,Essen,COU_9_0878,Courier_COU_9_0878,rude_courier,"Auto-generated complaint note",cancelled,None,48,25.35,1,1
bab0a611-c1f8-11f0-8e3d-489ebd4daa67,97ff4439-c1f8-11f0-8e3d-489ebd4daa67,CUS_9_00063,RST_9_007,9,Essen,COU_9_0878,Courier_COU_9_0878,rude_courier,"Auto-generated complaint note",cancelled,None,34,19.44,1,1
bab0a717-c1f8-11f0-8e3d-489ebd4daa67,97ff4823-c1f8-11f0-8e3d-489ebd4daa67,CUS_9_00088,RST_9_007,9,Essen,COU_9_0878,Courier_COU_9_0878,rude_courier,"Auto-generated complaint note",delivered,None,38,11.22,1,0
bab0a7cb-c1f8-11f0-8e3d-489ebd4daa67,97ff496f-c1f8-11f0-8e3d-489ebd4daa67,CUS_9_00013,RST_9_007,9,Essen,COU_9_0878,Courier_COU_9_0878,rude_courier,"Auto-generated complaint note",returned,None,38,44.34,1,0
bab0a860-c1f8-11f0-8e3d-489ebd4daa67,97ff49dd-c1f8-11f0-8e3d-489ebd4daa67,CUS_9_00078,RST_9_007,9,Essen,COU_9_0878,Courier_COU_9_0878,rude_courier,"Auto-generated complaint note",failed,None,48,45.8,1,0
bab0a9ba-c1f8-11f0-8e3d-489ebd4daa67,97ff4f59-c1f8-11f0-8e3d-489ebd4daa67,CUS_9_00020,RST_9_007,9,Essen,COU_9_0878,Courier_COU_9_0878,missing_item,"Auto-generated complaint note",delivered,None,35,10.45,1,0
bab0aaa7-c1f8-11f0-8e3d-489ebd4daa67,97ff51fd-c1f8-11f0-8e3d-489ebd4daa67,CUS_9_00076,RST_9_007,9,Essen,COU_9_0878,Courier_COU_9_0878,late_delivery,"Auto-generated complaint note",failed,None,42,15.41,1,0
bab0ab44-c1f8-11f0-8e3d-489ebd4daa67,97ff526b-c1f8-11f0-8e3d-489ebd4daa67,CUS_9_00058,RST_9_007,9,Essen,COU_9_0878,Courier_COU_9_0878,rude_courier,"Auto-generated complaint note",returned,None,38,14.95,1,0
bab0ac13-c1f8-11f0-8e3d-489ebd4daa67,97ff5493-c1f8-11f0-8e3d-489ebd4daa67,CUS_9_00081,RST_9_007,9,Essen,COU_9_0878,Courier_COU_9_0878,late_delivery,"Auto-generated complaint note",cancelled,None,42,8.79,1,1
bab0acd9-c1f8-11f0-8e3d-489ebd4daa67,97ff55dd-c1f8-11f0-8e3d-489ebd4daa67,CUS_9_00018,RST_9_007,9,Essen,COU_9_0878,Courier_COU_9_0878,late_delivery,"Auto-generated complaint note",cancelled,None,36,38.37,1,1
bab0ad7f-c1f8-11f0-8e3d-489ebd4daa67,97ff57a2-c1f8-11f0-8e3d-489ebd4daa67,CUS_9_00009,RST_9_007,9,Essen,COU_9_0878,Courier_COU_9_0878,late_delivery,"Auto-generated complaint note",delivered,None,40,47.15,1,0
bab0ae4b-c1f8-11f0-8e3d-489ebd4daa67,97ff5b85-c1f8-11f0-8e3d-489ebd4daa67,CUS_9_00038,RST_9_007,9,Essen,COU_9_0878,Courier_COU_9_0878,rude_courier,"Auto-generated complaint note",returned,None,44,15.52,1,0
bab0afa0-c1f8-11f0-8e3d-489ebd4daa67,97ff63f1-c1f8-11f0-8e3d-489ebd4daa67,CUS_9_00059,RST_9_007,9,Essen,COU_9_0878,Courier_COU_9_0878,rude_courier,"Auto-generated complaint note",delivered,None,45,24.32,1,0
bab0b102-c1f8-11f0-8e3d-489ebd4daa67,97ff716e-c1f8-11f0-8e3d-489ebd4daa67,CUS_9_00096,RST_9_007,9,Essen,COU_9_0878,Courier_COU_9_0878,rude_courier,"Auto-generated complaint note",cancelled,None,42,42.3,1,1
bab0b228-c1f8-11f0-8e3d-489ebd4daa67,97ff7cf4-c1f8-11f0-8e3d-489ebd4daa67,CUS_9_00086,RST_9_007,9,Essen,COU_9_0878,Courier_COU_9_0878,missing_item,"Auto-generated complaint note",delivered,None,30,34.48,1,0
bab0b2c7-c1f8-11f0-8e3d-489ebd4daa67,97ff7d9b-c1f8-11f0-8e3d-489ebd4daa67,CUS_9_00021,RST_9_007,9,Essen,COU_9_0878,Courier_COU_9_0878,late_delivery,"Auto-generated complaint note",cancelled,None,34,9.95,1,1
bab0b3d7-c1f8-11f0-8e3d-489ebd4daa67,97ff830a-c1f8-11f0-8e3d-489ebd4daa67,CUS_1_00029,RST_1_011,1,Berlin,COU_1_0871,Courier_COU_1_0871,missing_item,"Auto-generated complaint note",cancelled,None,25,36.31,1,1
bab0b4fe-c1f8-11f0-8e3d-489ebd4daa67,97ff8d0f-c1f8-11f0-8e3d-489ebd4daa67,CUS_1_00027,RST_1_011,1,Berlin,COU_1_0871,Courier_COU_1_0871,rude_courier,"Auto-generated complaint note",failed,None,27,24.11,1,0
bab0b609-c1f8-11f0-8e3d-489ebd4daa67,97ff9347-c1f8-11f0-8e3d-489ebd4daa67,CUS_1_00095,RST_1_011,1,Berlin,COU_1_0871,Courier_COU_1_0871,late_delivery,"Auto-generated complaint note",failed,None,33,42.19,1,0
bab0b78d-c1f8-11f0-8e3d-489ebd4daa67,97ff9f6e-c1f8-11f0-8e3d-489ebd4daa67,CUS_1_00045,RST_1_011,1,Berlin,COU_1_0871,Courier_COU_1_0871,rude_courier,"Auto-generated complaint note",returned,None,26,12.41,1,0
bab0b8b6-c1f8-11f0-8e3d-489ebd4daa67,97ffa7b5-c1f8-11f0-8e3d-489ebd4daa67,CUS_1_00048,RST_1_011,1,Berlin,COU_1_0871,Courier_COU_1_0871,late_delivery,"Auto-generated complaint note",returned,None,31,37.02,1,0
bab0b95c-c1f8-11f0-8e3d-489ebd4daa67,97ffa866-c1f8-11f0-8e3d-489ebd4daa67,CUS_1_00089,RST_1_011,1,Berlin,COU_1_0871,Courier_COU_1_0871,late_delivery,"Auto-generated complaint note",returned,None,28,39.32,1,0
bab0ba00-c1f8-11f0-8e3d-489ebd4daa67,97ffa977-c1f8-11f0-8e3d-489ebd4daa67,CUS_1_00090,RST_1_011,1,Berlin,COU_1_0871,Courier_COU_1_0871,late_delivery,"Auto-generated complaint note",returned,None,27,27.54,1,0
bab0bac0-c1f8-11f0-8e3d-489ebd4daa67,97ffab3a-c1f8-11f0-8e3d-489ebd4daa67,CUS_1_00024,RST_1_011,1,Berlin,COU_1_0871,Courier_COU_1_0871,late_delivery,"Auto-generated complaint note",returned,None,31,26.06,1,0
bab0bb52-c1f8-11f0-8e3d-489ebd4daa67,97ffaba6-c1f8-11f0-8e3d-489ebd4daa67,CUS_1_00038,RST_1_011,1,Berlin,COU_1_0871,Courier_COU_1_0871,rude_courier,"Auto-generated complaint note",failed,wrong_item,35,8.74,1,0
bab0bc26-c1f8-11f0-8e3d-489ebd4daa67,97ffaffa-c1f8-11f0-8e3d-489ebd4daa67,CUS_1_00049,RST_1_011,1,Berlin,COU_1_0871,Courier_COU_1_0871,rude_courier,"Auto-generated complaint note",failed,None,40,23.48,1,0
bab0bcbf-c1f8-11f0-8e3d-489ebd4daa67,97ffb086-c1f8-11f0-8e3d-489ebd4daa67,CUS_1_00028,RST_1_011,1,Berlin,COU_1_0871,Courier_COU_1_0871,rude_courier,"Auto-generated complaint note",cancelled,None,35,8.64,1,1
bab0bd55-c1f8-11f0-8e3d-489ebd4daa67,97ffb102-c1f8-11f0-8e3d-489ebd4daa67,CUS_1_00017,RST_1_011,1,Berlin,COU_1_0871,Courier_COU_1_0871,missing_item,"Auto-generated complaint note",delivered,None,43,22.11,1,0
bab0bf42-c1f8-11f0-8e3d-489ebd4daa67,97ffbcf8-c1f8-11f0-8e3d-489ebd4daa67,CUS_1_00047,RST_1_011,1,Berlin,COU_1_0871,Courier_COU_1_0871,rude_courier,"Auto-generated complaint note",cancelled,None,31,44.14,1,1
bab0c207-c1f8-11f0-8e3d-489ebd4daa67,97ffbd69-c1f8-11f0-8e3d-489ebd4daa67,CUS_1_00011,RST_1_011,1,Berlin,COU_1_0871,Courier_COU_1_0871,late_delivery,"Auto-generated complaint note",delivered,None,44,20.92,1,0
bab0c4ac-c1f8-11f0-8e3d-489ebd4daa67,97ffd182-c1f8-11f0-8e3d-489ebd4daa67,CUS_1_00053,RST_1_011,1,Berlin,COU_1_0871,Courier_COU_1_0871,missing_item,"Auto-generated complaint note",returned,None,42,37.76,1,0
bab0c586-c1f8-11f0-8e3d-489ebd4daa67,97ffd2d5-c1f8-11f0-8e3d-489ebd4daa67,CUS_1_00068,RST_1_011,1,Berlin,COU_1_0871,Courier_COU_1_0871,rude_courier,"Auto-generated complaint note",failed,None,29,24.69,1,0
bab0c6be-c1f8-11f0-8e3d-489ebd4daa67,97ffd812-c1f8-11f0-8e3d-489ebd4daa67,CUS_1_00024,RST_1_011,1,Berlin,COU_1_0871,Courier_COU_1_0871,missing_item,"Auto-generated complaint note",delivered,None,42,33.36,1,0
bab0c7e6-c1f8-11f0-8e3d-489ebd4daa67,97ffdb93-c1f8-11f0-8e3d-489ebd4daa67,CUS_1_00028,RST_1_011,1,Berlin,COU_1_0871,Courier_COU_1_0871,late_delivery,"Auto-generated complaint note",delivered,None,42,13.53,1,0
bab0c8b9-c1f8-11f0-8e3d-489ebd4daa67,97ffdc6f-c1f8-11f0-8e3d-489ebd4daa67,CUS_1_00020,RST_1_011,1,Berlin,COU_1_0871,Courier_COU_1_0871,late_delivery,"Auto-generated complaint note",delivered,None,30,32.01,1,0
bab0c99c-c1f8-11f0-8e3d-489ebd4daa67,97ffddbc-c1f8-11f0-8e3d-489ebd4daa67,CUS_1_00059,RST_1_011,1,Berlin,COU_1_0871,Courier_COU_1_0871,rude_courier,"Auto-generated complaint note",cancelled,None,31,8.16,1,1
bab0ca6f-c1f8-11f0-8e3d-489ebd4daa67,97ffdf34-c1f8-11f0-8e3d-489ebd4daa67,CUS_1_00015,RST_1_011,1,Berlin,COU_1_0871,Courier_COU_1_0871,late_delivery,"Auto-generated complaint note",delivered,None,43,13.34,1,0
bab0cb18-c1f8-11f0-8e3d-489ebd4daa67,97ffdfad-c1f8-11f0-8e3d-489ebd4daa67,CUS_1_00073,RST_1_011,1,Berlin,COU_1_0871,Courier_COU_1_0871,rude_courier,"Auto-generated complaint note",returned,None,34,39.75,1,0
bab0cbeb-c1f8-11f0-8e3d-489ebd4daa67,97ffe16a-c1f8-11f0-8e3d-489ebd4daa67,CUS_1_00085,RST_1_011,1,Berlin,COU_1_0871,Courier_COU_1_0871,missing_item,"Auto-generated complaint note",delivered,None,26,24.22,1,0
bab0cc88-c1f8-11f0-8e3d-489ebd4daa67,97ffe1dc-c1f8-11f0-8e3d-489ebd4daa67,CUS_1_00061,RST_1_011,1,Berlin,COU_1_0871,Courier_COU_1_0871,missing_item,"Auto-generated complaint note",returned,None,37,15.32,1,0
bab0cd6f-c1f8-11f0-8e3d-489ebd4daa67,97ffe4e0-c1f8-11f0-8e3d-489ebd4daa67,CUS_1_00033,RST_1_011,1,Berlin,COU_1_0871,Courier_COU_1_0871,late_delivery,"Auto-generated complaint note",returned,None,44,32.51,1,0
bab0ce17-c1f8-11f0-8e3d-489ebd4daa67,97ffe551-c1f8-11f0-8e3d-489ebd4daa67,CUS_1_00029,RST_1_011,1,Berlin,COU_1_0871,Courier_COU_1_0871,late_delivery,"Auto-generated complaint note",delivered,wrong_item,26,45.21,1,0
bab0cebf-c1f8-11f0-8e3d-489ebd4daa67,97ffe62f-c1f8-11f0-8e3d-489ebd4daa67,CUS_1_00037,RST_1_011,1,Berlin,COU_1_0871,Courier_COU_1_0871,rude_courier,"Auto-generated complaint note",failed,None,36,44.55,1,0
bab0cfad-c1f8-11f0-8e3d-489ebd4daa67,97ffe903-c1f8-11f0-8e3d-489ebd4daa67,CUS_1_00054,RST_1_011,1,Berlin,COU_1_0871,Courier_COU_1_0871,missing_item,"Auto-generated complaint note",cancelled,None,40,22.56,1,1
bab0d20b-c1f8-11f0-8e3d-489ebd4daa67,97fff971-c1f8-11f0-8e3d-489ebd4daa67,CUS_1_00035,RST_1_011,1,Berlin,COU_1_0871,Courier_COU_1_0871,missing_item,"Auto-generated complaint note",delivered,None,41,15.51,1,0
bab0d2c5-c1f8-11f0-8e3d-489ebd4daa67,97fffa53-c1f8-11f0-8e3d-489ebd4daa67,CUS_1_00088,RST_1_011,1,Berlin,COU_1_0871,Courier_COU_1_0871,missing_item,"Auto-generated complaint note",returned,None,25,26.15,1,0
bab0d3d6-c1f8-11f0-8e3d-489ebd4daa67,97ffff1b-c1f8-11f0-8e3d-489ebd4daa67,CUS_1_00080,RST_1_011,1,Berlin,COU_1_0871,Courier_COU_1_0871,rude_courier,"Auto-generated complaint note",cancelled,None,26,44,1,1
bab0d467-c1f8-11f0-8e3d-489ebd4daa67,97ffff88-c1f8-11f0-8e3d-489ebd4daa67,CUS_1_00003,RST_1_011,1,Berlin,COU_1_0871,Courier_COU_1_0871,late_delivery,"Auto-generated complaint note",failed,None,35,22.44,1,0
bab0d589-c1f8-11f0-8e3d-489ebd4daa67,980005fc-c1f8-11f0-8e3d-489ebd4daa67,CUS_1_00059,RST_1_011,1,Berlin,COU_1_0871,Courier_COU_1_0871,missing_item,"Auto-generated complaint note",returned,None,33,15.93,1,0
bab0d635-c1f8-11f0-8e3d-489ebd4daa67,98000744-c1f8-11f0-8e3d-489ebd4daa67,CUS_1_00015,RST_1_011,1,Berlin,COU_1_0871,Courier_COU_1_0871,late_delivery,"Auto-generated complaint note",cancelled,None,32,42.45,1,1
bab0d6e5-c1f8-11f0-8e3d-489ebd4daa67,98000889-c1f8-11f0-8e3d-489ebd4daa67,CUS_1_00041,RST_1_011,1,Berlin,COU_1_0871,Courier_COU_1_0871,missing_item,"Auto-generated complaint note",cancelled,None,36,16.44,1,1
bab0d7b9-c1f8-11f0-8e3d-489ebd4daa67,98000b88-c1f8-11f0-8e3d-489ebd4daa67,CUS_1_00040,RST_1_011,1,Berlin,COU_1_0871,Courier_COU_1_0871,missing_item,"Auto-generated complaint note",returned,None,35,35.48,1,0
bab0d847-c1f8-11f0-8e3d-489ebd4daa67,98000bf5-c1f8-11f0-8e3d-489ebd4daa67,CUS_1_00032,RST_1_011,1,Berlin,COU_1_0871,Courier_COU_1_0871,late_delivery,"Auto-generated complaint note",cancelled,None,37,24.87,1,1
bab0d914-c1f8-11f0-8e3d-489ebd4daa67,98000e1a-c1f8-11f0-8e3d-489ebd4daa67,CUS_1_00037,RST_1_011,1,Berlin,COU_1_0871,Courier_COU_1_0871,rude_courier,"Auto-generated complaint note",cancelled,None,42,37.3,1,1
bab0d9e3-c1f8-11f0-8e3d-489ebd4daa67,98000f03-c1f8-11f0-8e3d-489ebd4daa67,CUS_1_00042,RST_1_011,1,Berlin,COU_1_0871,Courier_COU_1_0871,missing_item,"Auto-generated complaint note",delivered,None,28,18.86,1,0
bab0db23-c1f8-11f0-8e3d-489ebd4daa67,98001407-c1f8-11f0-8e3d-489ebd4daa67,CUS_1_00002,RST_1_011,1,Berlin,COU_1_0871,Courier_COU_1_0871,missing_item,"Auto-generated complaint note",cancelled,None,41,20.24,1,1
bab0dbf1-c1f8-11f0-8e3d-489ebd4daa67,980015ca-c1f8-11f0-8e3d-489ebd4daa67,CUS_1_00086,RST_1_011,1,Berlin,COU_1_0871,Courier_COU_1_0871,late_delivery,"Auto-generated complaint note",returned,None,43,30.14,1,0
bab0ddd0-c1f8-11f0-8e3d-489ebd4daa67,98001e54-c1f8-11f0-8e3d-489ebd4daa67,CUS_1_00014,RST_1_011,1,Berlin,COU_1_0871,Courier_COU_1_0871,rude_courier,"Auto-generated complaint note",delivered,None,33,32.52,1,0
bab0dede-c1f8-11f0-8e3d-489ebd4daa67,980021cb-c1f8-11f0-8e3d-489ebd4daa67,CUS_1_00053,RST_1_011,1,Berlin,COU_1_0871,Courier_COU_1_0871,rude_courier,"Auto-generated complaint note",returned,None,33,20.45,1,0
bab0dfd0-c1f8-11f0-8e3d-489ebd4daa67,98002542-c1f8-11f0-8e3d-489ebd4daa67,CUS_1_00048,RST_1_011,1,Berlin,COU_1_0871,Courier_COU_1_0871,rude_courier,"Auto-generated complaint note",cancelled,None,39,11.62,1,1
bab0e0cd-c1f8-11f0-8e3d-489ebd4daa67,98002a25-c1f8-11f0-8e3d-489ebd4daa67,CUS_1_00036,RST_1_011,1,Berlin,COU_1_0871,Courier_COU_1_0871,rude_courier,"Auto-generated complaint note",failed,None,29,20.19,1,0
bab0e185-c1f8-11f0-8e3d-489ebd4daa67,98002b7a-c1f8-11f0-8e3d-489ebd4daa67,CUS_1_00077,RST_1_011,1,Berlin,COU_1_0871,Courier_COU_1_0871,missing_item,"Auto-generated complaint note",cancelled,None,27,30.35,1,1
bab0e21c-c1f8-11f0-8e3d-489ebd4daa67,98002bea-c1f8-11f0-8e3d-489ebd4daa67,CUS_1_00071,RST_1_011,1,Berlin,COU_1_0871,Courier_COU_1_0871,rude_courier,"Auto-generated complaint note",cancelled,None,38,27.65,1,1
bab0e2d7-c1f8-11f0-8e3d-489ebd4daa67,98002e1c-c1f8-11f0-8e3d-489ebd4daa67,CUS_1_00062,RST_1_011,1,Berlin,COU_1_0871,Courier_COU_1_0871,late_delivery,"Auto-generated complaint note",failed,None,28,28.9,1,0
bab0e3a0-c1f8-11f0-8e3d-489ebd4daa67,98003046-c1f8-11f0-8e3d-489ebd4daa67,CUS_1_00015,RST_1_011,1,Berlin,COU_1_0871,Courier_COU_1_0871,rude_courier,"Auto-generated complaint note",failed,wrong_item,39,13.71,1,0
bab0e520-c1f8-11f0-8e3d-489ebd4daa67,980039d1-c1f8-11f0-8e3d-489ebd4daa67,CUS_1_00054,RST_1_011,1,Berlin,COU_1_0871,Courier_COU_1_0871,rude_courier,"Auto-generated complaint note",returned,None,28,9.09,1,0
bab0e5e3-c1f8-11f0-8e3d-489ebd4daa67,98003bb2-c1f8-11f0-8e3d-489ebd4daa67,CUS_1_00081,RST_1_011,1,Berlin,COU_1_0871,Courier_COU_1_0871,rude_courier,"Auto-generated complaint note",cancelled,None,44,21.31,1,1
bab0e73b-c1f8-11f0-8e3d-489ebd4daa67,98004390-c1f8-11f0-8e3d-489ebd4daa67,CUS_1_00084,RST_1_011,1,Berlin,COU_1_0871,Courier_COU_1_0871,missing_item,"Auto-generated complaint note",failed,None,32,12.05,1,0
bab0e7ef-c1f8-11f0-8e3d-489ebd4daa67,980044d8-c1f8-11f0-8e3d-489ebd4daa67,CUS_1_00094,RST_1_011,1,Berlin,COU_1_0871,Courier_COU_1_0871,late_delivery,"Auto-generated complaint note",delivered,late,32,23.45,1,0
bab0e8cc-c1f8-11f0-8e3d-489ebd4daa67,98004841-c1f8-11f0-8e3d-489ebd4daa67,CUS_1_00063,RST_1_011,1,Berlin,COU_1_0871,Courier_COU_1_0871,missing_item,"Auto-generated complaint note",delivered,None,26,30.44,1,0
bab0e954-c1f8-11f0-8e3d-489ebd4daa67,980048b2-c1f8-11f0-8e3d-489ebd4daa67,CUS_1_00097,RST_1_011,1,Berlin,COU_1_0871,Courier_COU_1_0871,late_delivery,"Auto-generated complaint note",returned,None,42,32.33,1,0
bab0ea22-c1f8-11f0-8e3d-489ebd4daa67,98004acc-c1f8-11f0-8e3d-489ebd4daa67,CUS_1_00053,RST_1_011,1,Berlin,COU_1_0871,Courier_COU_1_0871,late_delivery,"Auto-generated complaint note",delivered,None,26,37.9,1,0
bab0eb3e-c1f8-11f0-8e3d-489ebd4daa67,98004ead-c1f8-11f0-8e3d-489ebd4daa67,CUS_1_00089,RST_1_011,1,Berlin,COU_1_0871,Courier_COU_1_0871,missing_item,"Auto-generated complaint note",cancelled,None,25,31.82,1,1
bab0ec42-c1f8-11f0-8e3d-489ebd4daa67,9800527c-c1f8-11f0-8e3d-489ebd4daa67,CUS_1_00066,RST_1_011,1,Berlin,COU_1_0871,Courier_COU_1_0871,missing_item,"Auto-generated complaint note",failed,None,39,23.47,1,0
bab0ed5b-c1f8-11f0-8e3d-489ebd4daa67,98005747-c1f8-11f0-8e3d-489ebd4daa67,CUS_1_00013,RST_1_011,1,Berlin,COU_1_0871,Courier_COU_1_0871,missing_item,"Auto-generated complaint note",cancelled,None,32,25.63,1,1
bab0ee65-c1f8-11f0-8e3d-489ebd4daa67,98005b38-c1f8-11f0-8e3d-489ebd4daa67,CUS_1_00083,RST_1_011,1,Berlin,COU_1_0871,Courier_COU_1_0871,rude_courier,"Auto-generated complaint note",cancelled,None,35,10.84,1,1
bab0ef2a-c1f8-11f0-8e3d-489ebd4daa67,98005ced-c1f8-11f0-8e3d-489ebd4daa67,CUS_1_00032,RST_1_011,1,Berlin,COU_1_0871,Courier_COU_1_0871,missing_item,"Auto-generated complaint note",cancelled,None,33,27.55,1,1
bab0f00f-c1f8-11f0-8e3d-489ebd4daa67,9800627e-c1f8-11f0-8e3d-489ebd4daa67,CUS_1_00047,RST_1_011,1,Berlin,COU_1_0871,Courier_COU_1_0871,rude_courier,"Auto-generated complaint note",returned,None,31,20.26,1,0
bab0f1b0-c1f8-11f0-8e3d-489ebd4daa67,98006e77-c1f8-11f0-8e3d-489ebd4daa67,CUS_1_00084,RST_1_011,1,Berlin,COU_1_0871,Courier_COU_1_0871,rude_courier,"Auto-generated complaint note",cancelled,None,25,42.37,1,1
bab0f2aa-c1f8-11f0-8e3d-489ebd4daa67,98007104-c1f8-11f0-8e3d-489ebd4daa67,CUS_1_00030,RST_1_011,1,Berlin,COU_1_0871,Courier_COU_1_0871,late_delivery,"Auto-generated complaint note",cancelled,None,33,23.75,1,1
bab0f422-c1f8-11f0-8e3d-489ebd4daa67,98007736-c1f8-11f0-8e3d-489ebd4daa67,CUS_1_00068,RST_1_011,1,Berlin,COU_1_0871,Courier_COU_1_0871,missing_item,"Auto-generated complaint note",delivered,None,42,14.87,1,0
bab0f532-c1f8-11f0-8e3d-489ebd4daa67,98007957-c1f8-11f0-8e3d-489ebd4daa67,CUS_1_00048,RST_1_011,1,Berlin,COU_1_0871,Courier_COU_1_0871,missing_item,"Auto-generated complaint note",returned,None,36,39,1,0
bab0f5f7-c1f8-11f0-8e3d-489ebd4daa67,98007a32-c1f8-11f0-8e3d-489ebd4daa67,CUS_1_00004,RST_1_011,1,Berlin,COU_1_0871,Courier_COU_1_0871,missing_item,"Auto-generated complaint note",returned,None,38,47.08,1,0
bab0f693-c1f8-11f0-8e3d-489ebd4daa67,98007a9d-c1f8-11f0-8e3d-489ebd4daa67,CUS_1_00090,RST_1_011,1,Berlin,COU_1_0871,Courier_COU_1_0871,rude_courier,"Auto-generated complaint note",failed,None,37,23.48,1,0
bab0f8fb-c1f8-11f0-8e3d-489ebd4daa67,98008b58-c1f8-11f0-8e3d-489ebd4daa67,CUS_6_00048,RST_6_040,6,Stuttgart,COU_6_0879,Courier_COU_6_0879,missing_item,"Auto-generated complaint note",failed,None,47,10.26,1,0
bab0fad2-c1f8-11f0-8e3d-489ebd4daa67,980099b4-c1f8-11f0-8e3d-489ebd4daa67,CUS_6_00089,RST_6_040,6,Stuttgart,COU_6_0879,Courier_COU_6_0879,rude_courier,"Auto-generated complaint note",cancelled,None,33,27.52,1,1
bab0fbe2-c1f8-11f0-8e3d-489ebd4daa67,98009d41-c1f8-11f0-8e3d-489ebd4daa67,CUS_6_00046,RST_6_040,6,Stuttgart,COU_6_0879,Courier_COU_6_0879,late_delivery,"Auto-generated complaint note",cancelled,None,43,46.05,1,1
bab0fc87-c1f8-11f0-8e3d-489ebd4daa67,98009e27-c1f8-11f0-8e3d-489ebd4daa67,CUS_6_00076,RST_6_040,6,Stuttgart,COU_6_0879,Courier_COU_6_0879,rude_courier,"Auto-generated complaint note",returned,None,44,23.73,1,0
bab0fd75-c1f8-11f0-8e3d-489ebd4daa67,9800a19d-c1f8-11f0-8e3d-489ebd4daa67,CUS_6_00098,RST_6_040,6,Stuttgart,COU_6_0879,Courier_COU_6_0879,rude_courier,"Auto-generated complaint note",delivered,None,40,17,1,0
bab0fe61-c1f8-11f0-8e3d-489ebd4daa67,9800a535-c1f8-11f0-8e3d-489ebd4daa67,CUS_6_00077,RST_6_040,6,Stuttgart,COU_6_0879,Courier_COU_6_0879,missing_item,"Auto-generated complaint note",delivered,None,40,19.88,1,0
bab0ff3c-c1f8-11f0-8e3d-489ebd4daa67,9800a7d2-c1f8-11f0-8e3d-489ebd4daa67,CUS_6_00049,RST_6_040,6,Stuttgart,COU_6_0879,Courier_COU_6_0879,missing_item,"Auto-generated complaint note",failed,None,36,44.84,1,0
bab1008d-c1f8-11f0-8e3d-489ebd4daa67,9800ae7a-c1f8-11f0-8e3d-489ebd4daa67,CUS_6_00050,RST_6_040,6,Stuttgart,COU_6_0879,Courier_COU_6_0879,missing_item,"Auto-generated complaint note",delivered,None,36,9.17,1,0
bab101d8-c1f8-11f0-8e3d-489ebd4daa67,9800b670-c1f8-11f0-8e3d-489ebd4daa67,CUS_6_00019,RST_6_040,6,Stuttgart,COU_6_0879,Courier_COU_6_0879,missing_item,"Auto-generated complaint note",returned,None,29,9.33,1,0
bab102f4-c1f8-11f0-8e3d-489ebd4daa67,9800b6e2-c1f8-11f0-8e3d-489ebd4daa67,CUS_6_00059,RST_6_040,6,Stuttgart,COU_6_0879,Courier_COU_6_0879,rude_courier,"Auto-generated complaint note",failed,late,46,36.88,1,0
bab103a5-c1f8-11f0-8e3d-489ebd4daa67,9800b7c2-c1f8-11f0-8e3d-489ebd4daa67,CUS_6_00007,RST_6_040,6,Stuttgart,COU_6_0879,Courier_COU_6_0879,rude_courier,"Auto-generated complaint note",returned,None,43,13.82,1,0
bab10460-c1f8-11f0-8e3d-489ebd4daa67,9800b90b-c1f8-11f0-8e3d-489ebd4daa67,CUS_6_00009,RST_6_040,6,Stuttgart,COU_6_0879,Courier_COU_6_0879,rude_courier,"Auto-generated complaint note",returned,None,30,22,1,0
bab10544-c1f8-11f0-8e3d-489ebd4daa67,9800bb82-c1f8-11f0-8e3d-489ebd4daa67,CUS_6_00034,RST_6_040,6,Stuttgart,COU_6_0879,Courier_COU_6_0879,missing_item,"Auto-generated complaint note",delivered,None,37,44.19,1,0
bab10622-c1f8-11f0-8e3d-489ebd4daa67,9800bf9f-c1f8-11f0-8e3d-489ebd4daa67,CUS_6_00089,RST_6_040,6,Stuttgart,COU_6_0879,Courier_COU_6_0879,late_delivery,"Auto-generated complaint note",cancelled,None,33,10.71,1,1
bab10893-c1f8-11f0-8e3d-489ebd4daa67,9800d45b-c1f8-11f0-8e3d-489ebd4daa67,CUS_6_00050,RST_6_040,6,Stuttgart,COU_6_0879,Courier_COU_6_0879,missing_item,"Auto-generated complaint note",returned,None,33,24.46,1,0
bab10997-c1f8-11f0-8e3d-489ebd4daa67,9800d89c-c1f8-11f0-8e3d-489ebd4daa67,CUS_6_00005,RST_6_040,6,Stuttgart,COU_6_0879,Courier_COU_6_0879,rude_courier,"Auto-generated complaint note",failed,None,47,43.01,1,0
bab10ae3-c1f8-11f0-8e3d-489ebd4daa67,9800e103-c1f8-11f0-8e3d-489ebd4daa67,CUS_6_00034,RST_6_040,6,Stuttgart,COU_6_0879,Courier_COU_6_0879,missing_item,"Auto-generated complaint note",failed,None,32,39.45,1,0
bab10b98-c1f8-11f0-8e3d-489ebd4daa67,9800e24f-c1f8-11f0-8e3d-489ebd4daa67,CUS_6_00097,RST_6_040,6,Stuttgart,COU_6_0879,Courier_COU_6_0879,missing_item,"Auto-generated complaint note",returned,None,34,31.98,1,0
bab10d2b-c1f8-11f0-8e3d-489ebd4daa67,9800ec08-c1f8-11f0-8e3d-489ebd4daa67,CUS_6_00010,RST_6_040,6,Stuttgart,COU_6_0879,Courier_COU_6_0879,missing_item,"Auto-generated complaint note",delivered,None,39,37.78,1,0
bab11751-c1f8-11f0-8e3d-489ebd4daa67,9800ee95-c1f8-11f0-8e3d-489ebd4daa67,CUS_6_00035,RST_6_040,6,Stuttgart,COU_6_0879,Courier_COU_6_0879,missing_item,"Auto-generated complaint note",returned,None,35,33.12,1,0
bab11a1b-c1f8-11f0-8e3d-489ebd4daa67,9800f99a-c1f8-11f0-8e3d-489ebd4daa67,CUS_6_00095,RST_6_040,6,Stuttgart,COU_6_0879,Courier_COU_6_0879,late_delivery,"Auto-generated complaint note",cancelled,None,37,15.83,1,1
bab11d7b-c1f8-11f0-8e3d-489ebd4daa67,980105fe-c1f8-11f0-8e3d-489ebd4daa67,CUS_6_00021,RST_6_040,6,Stuttgart,COU_6_0879,Courier_COU_6_0879,rude_courier,"Auto-generated complaint note",cancelled,wrong_item,40,11.99,1,1
bab11e6e-c1f8-11f0-8e3d-489ebd4daa67,9801066b-c1f8-11f0-8e3d-489ebd4daa67,CUS_6_00034,RST_6_040,6,Stuttgart,COU_6_0879,Courier_COU_6_0879,missing_item,"Auto-generated complaint note",cancelled,None,46,15.7,1,1
bab11f87-c1f8-11f0-8e3d-489ebd4daa67,9801094c-c1f8-11f0-8e3d-489ebd4daa67,CUS_6_00037,RST_6_040,6,Stuttgart,COU_6_0879,Courier_COU_6_0879,rude_courier,"Auto-generated complaint note",returned,None,45,29.94,1,0
bab121d6-c1f8-11f0-8e3d-489ebd4daa67,9801159d-c1f8-11f0-8e3d-489ebd4daa67,CUS_6_00077,RST_6_040,6,Stuttgart,COU_6_0879,Courier_COU_6_0879,rude_courier,"Auto-generated complaint note",cancelled,None,30,8.65,1,1
bab122f3-c1f8-11f0-8e3d-489ebd4daa67,980117c6-c1f8-11f0-8e3d-489ebd4daa67,CUS_6_00025,RST_6_040,6,Stuttgart,COU_6_0879,Courier_COU_6_0879,rude_courier,"Auto-generated complaint note",returned,None,34,43.41,1,0
bab1244b-c1f8-11f0-8e3d-489ebd4daa67,98011c95-c1f8-11f0-8e3d-489ebd4daa67,CUS_6_00078,RST_6_040,6,Stuttgart,COU_6_0879,Courier_COU_6_0879,missing_item,"Auto-generated complaint note",failed,None,37,45.56,1,0
bab1253a-c1f8-11f0-8e3d-489ebd4daa67,98011e4d-c1f8-11f0-8e3d-489ebd4daa67,CUS_6_00083,RST_6_040,6,Stuttgart,COU_6_0879,Courier_COU_6_0879,rude_courier,"Auto-generated complaint note",returned,None,43,41.79,1,0
bab126ea-c1f8-11f0-8e3d-489ebd4daa67,98012675-c1f8-11f0-8e3d-489ebd4daa67,CUS_6_00059,RST_6_040,6,Stuttgart,COU_6_0879,Courier_COU_6_0879,missing_item,"Auto-generated complaint note",delivered,None,46,31.46,1,0
bab127c8-c1f8-11f0-8e3d-489ebd4daa67,98012780-c1f8-11f0-8e3d-489ebd4daa67,CUS_6_00007,RST_6_040,6,Stuttgart,COU_6_0879,Courier_COU_6_0879,late_delivery,"Auto-generated complaint note",failed,wrong_item,42,35.89,1,0
bab129de-c1f8-11f0-8e3d-489ebd4daa67,980132b1-c1f8-11f0-8e3d-489ebd4daa67,CUS_6_00076,RST_6_040,6,Stuttgart,COU_6_0879,Courier_COU_6_0879,late_delivery,"Auto-generated complaint note",failed,late,37,21.71,1,0
bab12f4d-c1f8-11f0-8e3d-489ebd4daa67,98014080-c1f8-11f0-8e3d-489ebd4daa67,CUS_6_00078,RST_6_040,6,Stuttgart,COU_6_0879,Courier_COU_6_0879,missing_item,"Auto-generated complaint note",failed,None,43,23.62,1,0
bab130c4-c1f8-11f0-8e3d-489ebd4daa67,98014379-c1f8-11f0-8e3d-489ebd4daa67,CUS_6_00056,RST_6_040,6,Stuttgart,COU_6_0879,Courier_COU_6_0879,late_delivery,"Auto-generated complaint note",delivered,None,32,23.46,1,0
bab131ce-c1f8-11f0-8e3d-489ebd4daa67,98014597-c1f8-11f0-8e3d-489ebd4daa67,CUS_6_00011,RST_6_040,6,Stuttgart,COU_6_0879,Courier_COU_6_0879,late_delivery,"Auto-generated complaint note",returned,None,28,19.02,1,0
bab13377-c1f8-11f0-8e3d-489ebd4daa67,98014d99-c1f8-11f0-8e3d-489ebd4daa67,CUS_6_00051,RST_6_040,6,Stuttgart,COU_6_0879,Courier_COU_6_0879,rude_courier,"Auto-generated complaint note",delivered,None,41,33.44,1,0
bab13597-c1f8-11f0-8e3d-489ebd4daa67,980158c5-c1f8-11f0-8e3d-489ebd4daa67,CUS_6_00076,RST_6_040,6,Stuttgart,COU_6_0879,Courier_COU_6_0879,missing_item,"Auto-generated complaint note",delivered,None,40,31.06,1,0
bab1382f-c1f8-11f0-8e3d-489ebd4daa67,98016832-c1f8-11f0-8e3d-489ebd4daa67,CUS_9_00081,RST_9_007,9,Essen,COU_9_0903,Courier_COU_9_0903,rude_courier,"Auto-generated complaint note",returned,None,40,28.71,1,0
bab139dc-c1f8-11f0-8e3d-489ebd4daa67,98016f18-c1f8-11f0-8e3d-489ebd4daa67,CUS_9_00038,RST_9_007,9,Essen,COU_9_0903,Courier_COU_9_0903,missing_item,"Auto-generated complaint note",failed,None,31,20.77,1,0
bab13bd5-c1f8-11f0-8e3d-489ebd4daa67,98017860-c1f8-11f0-8e3d-489ebd4daa67,CUS_9_00075,RST_9_007,9,Essen,COU_9_0903,Courier_COU_9_0903,rude_courier,"Auto-generated complaint note",failed,None,35,43.78,1,0
bab13ccf-c1f8-11f0-8e3d-489ebd4daa67,98017a00-c1f8-11f0-8e3d-489ebd4daa67,CUS_9_00037,RST_9_007,9,Essen,COU_9_0903,Courier_COU_9_0903,rude_courier,"Auto-generated complaint note",failed,None,48,47.49,1,0
bab13f15-c1f8-11f0-8e3d-489ebd4daa67,9801857c-c1f8-11f0-8e3d-489ebd4daa67,CUS_9_00025,RST_9_007,9,Essen,COU_9_0903,Courier_COU_9_0903,rude_courier,"Auto-generated complaint note",cancelled,None,42,19.84,1,1
bab140b6-c1f8-11f0-8e3d-489ebd4daa67,98018bda-c1f8-11f0-8e3d-489ebd4daa67,CUS_9_00053,RST_9_007,9,Essen,COU_9_0903,Courier_COU_9_0903,rude_courier,"Auto-generated complaint note",returned,None,43,35.63,1,0
bab14329-c1f8-11f0-8e3d-489ebd4daa67,98018c49-c1f8-11f0-8e3d-489ebd4daa67,CUS_9_00011,RST_9_007,9,Essen,COU_9_0903,Courier_COU_9_0903,missing_item,"Auto-generated complaint note",cancelled,wrong_item,49,12.27,1,1
bab14450-c1f8-11f0-8e3d-489ebd4daa67,98018f33-c1f8-11f0-8e3d-489ebd4daa67,CUS_9_00018,RST_9_007,9,Essen,COU_9_0903,Courier_COU_9_0903,missing_item,"Auto-generated complaint note",cancelled,None,38,27.21,1,1
bab146b9-c1f8-11f0-8e3d-489ebd4daa67,98019c38-c1f8-11f0-8e3d-489ebd4daa67,CUS_9_00016,RST_9_007,9,Essen,COU_9_0903,Courier_COU_9_0903,missing_item,"Auto-generated complaint note",cancelled,None,39,10.71,1,1
bab147be-c1f8-11f0-8e3d-489ebd4daa67,98019db8-c1f8-11f0-8e3d-489ebd4daa67,CUS_9_00060,RST_9_007,9,Essen,COU_9_0903,Courier_COU_9_0903,rude_courier,"Auto-generated complaint note",cancelled,None,47,45.6,1,1
bab14906-c1f8-11f0-8e3d-489ebd4daa67,9801a2cb-c1f8-11f0-8e3d-489ebd4daa67,CUS_9_00063,RST_9_007,9,Essen,COU_9_0903,Courier_COU_9_0903,missing_item,"Auto-generated complaint note",failed,None,44,15.93,1,0
bab14a66-c1f8-11f0-8e3d-489ebd4daa67,9801a8bc-c1f8-11f0-8e3d-489ebd4daa67,CUS_9_00078,RST_9_007,9,Essen,COU_9_0903,Courier_COU_9_0903,late_delivery,"Auto-generated complaint note",cancelled,None,34,19.94,1,1
bab14b2e-c1f8-11f0-8e3d-489ebd4daa67,9801a927-c1f8-11f0-8e3d-489ebd4daa67,CUS_9_00086,RST_9_007,9,Essen,COU_9_0903,Courier_COU_9_0903,rude_courier,"Auto-generated complaint note",delivered,None,44,41.42,1,0
bab14bf9-c1f8-11f0-8e3d-489ebd4daa67,9801a9fa-c1f8-11f0-8e3d-489ebd4daa67,CUS_9_00052,RST_9_007,9,Essen,COU_9_0903,Courier_COU_9_0903,missing_item,"Auto-generated complaint note",cancelled,None,46,11.72,1,1
bab14d78-c1f8-11f0-8e3d-489ebd4daa67,9801b03f-c1f8-11f0-8e3d-489ebd4daa67,CUS_9_00058,RST_9_007,9,Essen,COU_9_0903,Courier_COU_9_0903,late_delivery,"Auto-generated complaint note",returned,None,34,47.62,1,0
bab15131-c1f8-11f0-8e3d-489ebd4daa67,9801c45d-c1f8-11f0-8e3d-489ebd4daa67,CUS_9_00037,RST_9_007,9,Essen,COU_9_0903,Courier_COU_9_0903,missing_item,"Auto-generated complaint note",cancelled,None,40,42.61,1,1
bab153de-c1f8-11f0-8e3d-489ebd4daa67,9801d943-c1f8-11f0-8e3d-489ebd4daa67,CUS_9_00082,RST_9_007,9,Essen,COU_9_0903,Courier_COU_9_0903,missing_item,"Auto-generated complaint note",returned,None,48,33.63,1,0
bab15515-c1f8-11f0-8e3d-489ebd4daa67,9801e25c-c1f8-11f0-8e3d-489ebd4daa67,CUS_9_00095,RST_9_007,9,Essen,COU_9_0903,Courier_COU_9_0903,rude_courier,"Auto-generated complaint note",delivered,None,41,16.25,1,0
bab15657-c1f8-11f0-8e3d-489ebd4daa67,9801ea65-c1f8-11f0-8e3d-489ebd4daa67,CUS_9_00008,RST_9_007,9,Essen,COU_9_0903,Courier_COU_9_0903,rude_courier,"Auto-generated complaint note",delivered,None,48,29.06,1,0
bab1572e-c1f8-11f0-8e3d-489ebd4daa67,9801ecca-c1f8-11f0-8e3d-489ebd4daa67,CUS_9_00009,RST_9_007,9,Essen,COU_9_0903,Courier_COU_9_0903,rude_courier,"Auto-generated complaint note",delivered,None,41,42.37,1,0
bab15819-c1f8-11f0-8e3d-489ebd4daa67,9801ef78-c1f8-11f0-8e3d-489ebd4daa67,CUS_9_00074,RST_9_007,9,Essen,COU_9_0903,Courier_COU_9_0903,rude_courier,"Auto-generated complaint note",returned,None,46,13.19,1,0
bab158d8-c1f8-11f0-8e3d-489ebd4daa67,9801f06d-c1f8-11f0-8e3d-489ebd4daa67,CUS_9_00068,RST_9_007,9,Essen,COU_9_0903,Courier_COU_9_0903,missing_item,"Auto-generated complaint note",returned,None,38,13.27,1,0
bab15a4d-c1f8-11f0-8e3d-489ebd4daa67,9801fda5-c1f8-11f0-8e3d-489ebd4daa67,CUS_9_00061,RST_9_007,9,Essen,COU_9_0903,Courier_COU_9_0903,missing_item,"Auto-generated complaint note",delivered,None,48,15.11,1,0
bab15bab-c1f8-11f0-8e3d-489ebd4daa67,9802033b-c1f8-11f0-8e3d-489ebd4daa67,CUS_9_00047,RST_9_007,9,Essen,COU_9_0903,Courier_COU_9_0903,missing_item,"Auto-generated complaint note",returned,None,48,15.12,1,0
bab15ca9-c1f8-11f0-8e3d-489ebd4daa67,980204f5-c1f8-11f0-8e3d-489ebd4daa67,CUS_9_00049,RST_9_007,9,Essen,COU_9_0903,Courier_COU_9_0903,late_delivery,"Auto-generated complaint note",failed,None,31,22.48,1,0
bab15eb4-c1f8-11f0-8e3d-489ebd4daa67,98020ecb-c1f8-11f0-8e3d-489ebd4daa67,CUS_9_00025,RST_9_007,9,Essen,COU_9_0903,Courier_COU_9_0903,late_delivery,"Auto-generated complaint note",delivered,None,43,16.66,1,0
bab16145-c1f8-11f0-8e3d-489ebd4daa67,98021f0e-c1f8-11f0-8e3d-489ebd4daa67,CUS_9_00094,RST_9_007,9,Essen,COU_9_0903,Courier_COU_9_0903,late_delivery,"Auto-generated complaint note",failed,None,36,25.72,1,0
bab16290-c1f8-11f0-8e3d-489ebd4daa67,980222fc-c1f8-11f0-8e3d-489ebd4daa67,CUS_9_00005,RST_9_007,9,Essen,COU_9_0903,Courier_COU_9_0903,late_delivery,"Auto-generated complaint note",returned,None,46,20.02,1,0
bab1641b-c1f8-11f0-8e3d-489ebd4daa67,98022a6f-c1f8-11f0-8e3d-489ebd4daa67,CUS_9_00006,RST_9_007,9,Essen,COU_9_0903,Courier_COU_9_0903,rude_courier,"Auto-generated complaint note",cancelled,None,47,35.33,1,1
bab1651e-c1f8-11f0-8e3d-489ebd4daa67,98022d17-c1f8-11f0-8e3d-489ebd4daa67,CUS_9_00090,RST_9_007,9,Essen,COU_9_0903,Courier_COU_9_0903,late_delivery,"Auto-generated complaint note",returned,None,34,38.7,1,0
bab1661f-c1f8-11f0-8e3d-489ebd4daa67,98022fb6-c1f8-11f0-8e3d-489ebd4daa67,CUS_9_00010,RST_9_007,9,Essen,COU_9_0903,Courier_COU_9_0903,missing_item,"Auto-generated complaint note",cancelled,None,37,23.43,1,1
bab166e5-c1f8-11f0-8e3d-489ebd4daa67,98023026-c1f8-11f0-8e3d-489ebd4daa67,CUS_9_00057,RST_9_007,9,Essen,COU_9_0903,Courier_COU_9_0903,late_delivery,"Auto-generated complaint note",cancelled,late,41,43.7,1,1
bab16884-c1f8-11f0-8e3d-489ebd4daa67,980245e4-c1f8-11f0-8e3d-489ebd4daa67,CUS_9_00020,RST_9_007,9,Essen,COU_9_0903,Courier_COU_9_0903,late_delivery,"Auto-generated complaint note",returned,None,35,41.31,1,0
bab1694b-c1f8-11f0-8e3d-489ebd4daa67,980247fd-c1f8-11f0-8e3d-489ebd4daa67,CUS_9_00083,RST_9_007,9,Essen,COU_9_0903,Courier_COU_9_0903,missing_item,"Auto-generated complaint note",delivered,None,40,36.9,1,0
bab16a03-c1f8-11f0-8e3d-489ebd4daa67,98024fd7-c1f8-11f0-8e3d-489ebd4daa67,CUS_9_00095,RST_9_007,9,Essen,COU_9_0903,Courier_COU_9_0903,late_delivery,"Auto-generated complaint note",cancelled,None,42,43.45,1,1
bab16a9a-c1f8-11f0-8e3d-489ebd4daa67,98025143-c1f8-11f0-8e3d-489ebd4daa67,CUS_9_00011,RST_9_007,9,Essen,COU_9_0903,Courier_COU_9_0903,missing_item,"Auto-generated complaint note",failed,None,43,27.92,1,0
bab16c2b-c1f8-11f0-8e3d-489ebd4daa67,980262a3-c1f8-11f0-8e3d-489ebd4daa67,CUS_9_00002,RST_9_007,9,Essen,COU_9_0903,Courier_COU_9_0903,missing_item,"Auto-generated complaint note",cancelled,None,43,8.09,1,1
bab16cbb-c1f8-11f0-8e3d-489ebd4daa67,98026356-c1f8-11f0-8e3d-489ebd4daa67,CUS_9_00050,RST_9_007,9,Essen,COU_9_0903,Courier_COU_9_0903,rude_courier,"Auto-generated complaint note",returned,None,40,22.42,1,0
bab16e25-c1f8-11f0-8e3d-489ebd4daa67,9802744e-c1f8-11f0-8e3d-489ebd4daa67,CUS_9_00043,RST_9_007,9,Essen,COU_9_0903,Courier_COU_9_0903,late_delivery,"Auto-generated complaint note",cancelled,None,36,11.56,1,1
bab16eea-c1f8-11f0-8e3d-489ebd4daa67,98027607-c1f8-11f0-8e3d-489ebd4daa67,CUS_9_00048,RST_9_007,9,Essen,COU_9_0903,Courier_COU_9_0903,missing_item,"Auto-generated complaint note",cancelled,None,45,42.47,1,1
bab16f86-c1f8-11f0-8e3d-489ebd4daa67,980276e9-c1f8-11f0-8e3d-489ebd4daa67,CUS_9_00090,RST_9_007,9,Essen,COU_9_0903,Courier_COU_9_0903,rude_courier,"Auto-generated complaint note",cancelled,None,44,16.68,1,1
bab170ef-c1f8-11f0-8e3d-489ebd4daa67,98028018-c1f8-11f0-8e3d-489ebd4daa67,CUS_9_00087,RST_9_007,9,Essen,COU_9_0903,Courier_COU_9_0903,rude_courier,"Auto-generated complaint note",failed,None,38,21.54,1,0
bab171a3-c1f8-11f0-8e3d-489ebd4daa67,980281d2-c1f8-11f0-8e3d-489ebd4daa67,CUS_9_00031,RST_9_007,9,Essen,COU_9_0903,Courier_COU_9_0903,late_delivery,"Auto-generated complaint note",returned,None,36,39.69,1,0
bab172ab-c1f8-11f0-8e3d-489ebd4daa67,9802874f-c1f8-11f0-8e3d-489ebd4daa67,CUS_9_00081,RST_9_007,9,Essen,COU_9_0903,Courier_COU_9_0903,late_delivery,"Auto-generated complaint note",cancelled,None,31,42.02,1,1
bab17485-c1f8-11f0-8e3d-489ebd4daa67,9802949b-c1f8-11f0-8e3d-489ebd4daa67,CUS_9_00045,RST_9_007,9,Essen,COU_9_0903,Courier_COU_9_0903,missing_item,"Auto-generated complaint note",delivered,None,40,33.92,1,0
bab17552-c1f8-11f0-8e3d-489ebd4daa67,98029715-c1f8-11f0-8e3d-489ebd4daa67,CUS_9_00060,RST_9_007,9,Essen,COU_9_0903,Courier_COU_9_0903,rude_courier,"Auto-generated complaint note",failed,None,37,13.61,1,0
bab175ef-c1f8-11f0-8e3d-489ebd4daa67,9802978e-c1f8-11f0-8e3d-489ebd4daa67,CUS_9_00012,RST_9_007,9,Essen,COU_9_0903,Courier_COU_9_0903,rude_courier,"Auto-generated complaint note",returned,None,30,46.19,1,0
bab17691-c1f8-11f0-8e3d-489ebd4daa67,98029a6b-c1f8-11f0-8e3d-489ebd4daa67,CUS_9_00006,RST_9_007,9,Essen,COU_9_0903,Courier_COU_9_0903,late_delivery,"Auto-generated complaint note",returned,None,39,29.16,1,0
bab17776-c1f8-11f0-8e3d-489ebd4daa67,98029e46-c1f8-11f0-8e3d-489ebd4daa67,CUS_9_00015,RST_9_007,9,Essen,COU_9_0903,Courier_COU_9_0903,rude_courier,"Auto-generated complaint note",returned,None,47,30,1,0
bab17825-c1f8-11f0-8e3d-489ebd4daa67,98029ff5-c1f8-11f0-8e3d-489ebd4daa67,CUS_9_00085,RST_9_007,9,Essen,COU_9_0903,Courier_COU_9_0903,missing_item,"Auto-generated complaint note",cancelled,None,45,25.55,1,1
bab178cd-c1f8-11f0-8e3d-489ebd4daa67,9802a1a1-c1f8-11f0-8e3d-489ebd4daa67,CUS_9_00034,RST_9_007,9,Essen,COU_9_0903,Courier_COU_9_0903,rude_courier,"Auto-generated complaint note",returned,None,45,19.23,1,0
bab17964-c1f8-11f0-8e3d-489ebd4daa67,9802a27f-c1f8-11f0-8e3d-489ebd4daa67,CUS_9_00078,RST_9_007,9,Essen,COU_9_0903,Courier_COU_9_0903,rude_courier,"Auto-generated complaint note",failed,None,49,12.3,1,0
bab17a12-c1f8-11f0-8e3d-489ebd4daa67,9802a2ec-c1f8-11f0-8e3d-489ebd4daa67,CUS_9_00086,RST_9_007,9,Essen,COU_9_0903,Courier_COU_9_0903,missing_item,"Auto-generated complaint note",failed,None,46,11.26,1,0
bab17bd1-c1f8-11f0-8e3d-489ebd4daa67,9802a793-c1f8-11f0-8e3d-489ebd4daa67,CUS_9_00082,RST_9_007,9,Essen,COU_9_0903,Courier_COU_9_0903,late_delivery,"Auto-generated complaint note",delivered,None,49,36.37,1,0
bab17d48-c1f8-11f0-8e3d-489ebd4daa67,9802ad37-c1f8-11f0-8e3d-489ebd4daa67,CUS_9_00064,RST_9_007,9,Essen,COU_9_0903,Courier_COU_9_0903,late_delivery,"Auto-generated complaint note",returned,None,38,24.22,1,0
bab17ee9-c1f8-11f0-8e3d-489ebd4daa67,9802b534-c1f8-11f0-8e3d-489ebd4daa67,CUS_9_00092,RST_9_007,9,Essen,COU_9_0903,Courier_COU_9_0903,rude_courier,"Auto-generated complaint note",failed,None,45,27.1,1,0
bab17fd4-c1f8-11f0-8e3d-489ebd4daa67,9802b60b-c1f8-11f0-8e3d-489ebd4daa67,CUS_9_00050,RST_9_007,9,Essen,COU_9_0903,Courier_COU_9_0903,rude_courier,"Auto-generated complaint note",returned,None,33,25.15,1,0
bab180eb-c1f8-11f0-8e3d-489ebd4daa67,9802b8fc-c1f8-11f0-8e3d-489ebd4daa67,CUS_9_00098,RST_9_007,9,Essen,COU_9_0903,Courier_COU_9_0903,late_delivery,"Auto-generated complaint note",cancelled,None,41,32.77,1,1
bab18267-c1f8-11f0-8e3d-489ebd4daa67,9802be13-c1f8-11f0-8e3d-489ebd4daa67,CUS_9_00006,RST_9_007,9,Essen,COU_9_0903,Courier_COU_9_0903,rude_courier,"Auto-generated complaint note",failed,None,42,16.05,1,0
bab183a2-c1f8-11f0-8e3d-489ebd4daa67,9802c43e-c1f8-11f0-8e3d-489ebd4daa67,CUS_9_00027,RST_9_007,9,Essen,COU_9_0903,Courier_COU_9_0903,missing_item,"Auto-generated complaint note",delivered,None,33,29.8,1,0
bab18489-c1f8-11f0-8e3d-489ebd4daa67,9802c58f-c1f8-11f0-8e3d-489ebd4daa67,CUS_9_00017,RST_9_007,9,Essen,COU_9_0903,Courier_COU_9_0903,missing_item,"Auto-generated complaint note",cancelled,None,45,26.2,1,1
bab185b3-c1f8-11f0-8e3d-489ebd4daa67,9802c890-c1f8-11f0-8e3d-489ebd4daa67,CUS_9_00034,RST_9_007,9,Essen,COU_9_0903,Courier_COU_9_0903,late_delivery,"Auto-generated complaint note",cancelled,None,33,19.12,1,1
bab18720-c1f8-11f0-8e3d-489ebd4daa67,9802ce00-c1f8-11f0-8e3d-489ebd4daa67,CUS_9_00031,RST_9_007,9,Essen,COU_9_0903,Courier_COU_9_0903,missing_item,"Auto-generated complaint note",cancelled,None,33,27.3,1,1
bab1892c-c1f8-11f0-8e3d-489ebd4daa67,9802d8a1-c1f8-11f0-8e3d-489ebd4daa67,CUS_9_00054,RST_9_007,9,Essen,COU_9_0903,Courier_COU_9_0903,rude_courier,"Auto-generated complaint note",failed,None,47,31.43,1,0
bab18abc-c1f8-11f0-8e3d-489ebd4daa67,9802dde6-c1f8-11f0-8e3d-489ebd4daa67,CUS_9_00035,RST_9_007,9,Essen,COU_9_0903,Courier_COU_9_0903,missing_item,"Auto-generated complaint note",returned,None,42,40.71,1,0
bab18bda-c1f8-11f0-8e3d-489ebd4daa67,9802e00a-c1f8-11f0-8e3d-489ebd4daa67,CUS_9_00026,RST_9_007,9,Essen,COU_9_0903,Courier_COU_9_0903,missing_item,"Auto-generated complaint note",returned,None,40,17.74,1,0
bab18cd1-c1f8-11f0-8e3d-489ebd4daa67,9802e1be-c1f8-11f0-8e3d-489ebd4daa67,CUS_9_00001,RST_9_007,9,Essen,COU_9_0903,Courier_COU_9_0903,rude_courier,"Auto-generated complaint note",failed,None,46,21.83,1,0
bab18e12-c1f8-11f0-8e3d-489ebd4daa67,9802e526-c1f8-11f0-8e3d-489ebd4daa67,CUS_9_00043,RST_9_007,9,Essen,COU_9_0903,Courier_COU_9_0903,rude_courier,"Auto-generated complaint note",returned,None,33,28.34,1,0
bab18f54-c1f8-11f0-8e3d-489ebd4daa67,9802e9c8-c1f8-11f0-8e3d-489ebd4daa67,CUS_9_00096,RST_9_007,9,Essen,COU_9_0903,Courier_COU_9_0903,late_delivery,"Auto-generated complaint note",failed,None,42,31.48,1,0
bab19049-c1f8-11f0-8e3d-489ebd4daa67,9802eb78-c1f8-11f0-8e3d-489ebd4daa67,CUS_9_00057,RST_9_007,9,Essen,COU_9_0903,Courier_COU_9_0903,late_delivery,"Auto-generated complaint note",returned,None,41,27.76,1,0
bab191b7-c1f8-11f0-8e3d-489ebd4daa67,9802f27f-c1f8-11f0-8e3d-489ebd4daa67,CUS_9_00072,RST_9_007,9,Essen,COU_9_0903,Courier_COU_9_0903,missing_item,"Auto-generated complaint note",failed,None,43,19.9,1,0
bab19378-c1f8-11f0-8e3d-489ebd4daa67,9802fa56-c1f8-11f0-8e3d-489ebd4daa67,CUS_9_00064,RST_9_007,9,Essen,COU_9_0903,Courier_COU_9_0903,missing_item,"Auto-generated complaint note",failed,None,45,34.15,1,0
bab194cf-c1f8-11f0-8e3d-489ebd4daa67,9802ff10-c1f8-11f0-8e3d-489ebd4daa67,CUS_9_00054,RST_9_007,9,Essen,COU_9_0903,Courier_COU_9_0903,missing_item,"Auto-generated complaint note",cancelled,None,30,38.87,1,1
bab195b5-c1f8-11f0-8e3d-489ebd4daa67,9802ff7e-c1f8-11f0-8e3d-489ebd4daa67,CUS_9_00074,RST_9_007,9,Essen,COU_9_0903,Courier_COU_9_0903,rude_courier,"Auto-generated complaint note",delivered,None,42,37.51,1,0
bab197c8-c1f8-11f0-8e3d-489ebd4daa67,98030b9f-c1f8-11f0-8e3d-489ebd4daa67,CUS_9_00060,RST_9_007,9,Essen,COU_9_0903,Courier_COU_9_0903,late_delivery,"Auto-generated complaint note",returned,None,40,19.01,1,0
bab19949-c1f8-11f0-8e3d-489ebd4daa67,980311c3-c1f8-11f0-8e3d-489ebd4daa67,CUS_9_00096,RST_9_007,9,Essen,COU_9_0903,Courier_COU_9_0903,rude_courier,"Auto-generated complaint note",failed,None,48,23.98,1,0
bab19aa0-c1f8-11f0-8e3d-489ebd4daa67,9803167f-c1f8-11f0-8e3d-489ebd4daa67,CUS_9_00078,RST_9_007,9,Essen,COU_9_0903,Courier_COU_9_0903,late_delivery,"Auto-generated complaint note",delivered,None,49,37.74,1,0
bab19c49-c1f8-11f0-8e3d-489ebd4daa67,98031deb-c1f8-11f0-8e3d-489ebd4daa67,CUS_9_00071,RST_9_007,9,Essen,COU_9_0903,Courier_COU_9_0903,rude_courier,"Auto-generated complaint note",returned,wrong_item,35,19.53,1,0
bab19d93-c1f8-11f0-8e3d-489ebd4daa67,98032235-c1f8-11f0-8e3d-489ebd4daa67,CUS_9_00064,RST_9_007,9,Essen,COU_9_0903,Courier_COU_9_0903,rude_courier,"Auto-generated complaint note",failed,None,48,19.29,1,0
bab19e82-c1f8-11f0-8e3d-489ebd4daa67,9803230e-c1f8-11f0-8e3d-489ebd4daa67,CUS_9_00046,RST_9_007,9,Essen,COU_9_0903,Courier_COU_9_0903,missing_item,"Auto-generated complaint note",returned,None,35,19.44,1,0
bab1a6a9-c1f8-11f0-8e3d-489ebd4daa67,9803294d-c1f8-11f0-8e3d-489ebd4daa67,CUS_9_00084,RST_9_007,9,Essen,COU_9_0903,Courier_COU_9_0903,rude_courier,"Auto-generated complaint note",returned,None,46,20.55,1,0
bab1a93b-c1f8-11f0-8e3d-489ebd4daa67,98032d8b-c1f8-11f0-8e3d-489ebd4daa67,CUS_9_00030,RST_9_007,9,Essen,COU_9_0903,Courier_COU_9_0903,late_delivery,"Auto-generated complaint note",returned,None,32,33.78,1,0
bab1aa20-c1f8-11f0-8e3d-489ebd4daa67,98032ed3-c1f8-11f0-8e3d-489ebd4daa67,CUS_9_00098,RST_9_007,9,Essen,COU_9_0903,Courier_COU_9_0903,rude_courier,"Auto-generated complaint note",delivered,None,46,10.96,1,0
bab1ab0e-c1f8-11f0-8e3d-489ebd4daa67,98032fab-c1f8-11f0-8e3d-489ebd4daa67,CUS_9_00029,RST_9_007,9,Essen,COU_9_0903,Courier_COU_9_0903,late_delivery,"Auto-generated complaint note",returned,late,40,8.34,1,0
bab1abd2-c1f8-11f0-8e3d-489ebd4daa67,98033238-c1f8-11f0-8e3d-489ebd4daa67,CUS_9_00012,RST_9_007,9,Essen,COU_9_0903,Courier_COU_9_0903,late_delivery,"Auto-generated complaint note",cancelled,None,45,33.59,1,1
bab1af4a-c1f8-11f0-8e3d-489ebd4daa67,98034318-c1f8-11f0-8e3d-489ebd4daa67,CUS_9_00065,RST_9_007,9,Essen,COU_9_0903,Courier_COU_9_0903,missing_item,"Auto-generated complaint note",delivered,late,37,40.14,1,0
bab1b10a-c1f8-11f0-8e3d-489ebd4daa67,98034b50-c1f8-11f0-8e3d-489ebd4daa67,CUS_9_00081,RST_9_007,9,Essen,COU_9_0903,Courier_COU_9_0903,rude_courier,"Auto-generated complaint note",failed,None,37,11.09,1,0
bab1b242-c1f8-11f0-8e3d-489ebd4daa67,98035103-c1f8-11f0-8e3d-489ebd4daa67,CUS_9_00074,RST_9_007,9,Essen,COU_9_0903,Courier_COU_9_0903,rude_courier,"Auto-generated complaint note",failed,None,34,44.71,1,0
bab1b364-c1f8-11f0-8e3d-489ebd4daa67,980356b0-c1f8-11f0-8e3d-489ebd4daa67,CUS_9_00042,RST_9_007,9,Essen,COU_9_0903,Courier_COU_9_0903,missing_item,"Auto-generated complaint note",failed,None,43,15.75,1,0
bab1b42e-c1f8-11f0-8e3d-489ebd4daa67,980359b5-c1f8-11f0-8e3d-489ebd4daa67,CUS_9_00001,RST_9_007,9,Essen,COU_9_0903,Courier_COU_9_0903,missing_item,"Auto-generated complaint note",delivered,None,47,34.11,1,0
bab1b4bc-c1f8-11f0-8e3d-489ebd4daa67,98035a91-c1f8-11f0-8e3d-489ebd4daa67,CUS_9_00059,RST_9_007,9,Essen,COU_9_0903,Courier_COU_9_0903,missing_item,"Auto-generated complaint note",delivered,None,45,14.34,1,0
bab1b595-c1f8-11f0-8e3d-489ebd4daa67,98035f20-c1f8-11f0-8e3d-489ebd4daa67,CUS_9_00049,RST_9_007,9,Essen,COU_9_0903,Courier_COU_9_0903,missing_item,"Auto-generated complaint note",failed,None,36,13.86,1,0
bab1b662-c1f8-11f0-8e3d-489ebd4daa67,9803629f-c1f8-11f0-8e3d-489ebd4daa67,CUS_9_00017,RST_9_007,9,Essen,COU_9_0903,Courier_COU_9_0903,rude_courier,"Auto-generated complaint note",cancelled,None,48,28.21,1,1
bab1b721-c1f8-11f0-8e3d-489ebd4daa67,980364c0-c1f8-11f0-8e3d-489ebd4daa67,CUS_9_00088,RST_9_007,9,Essen,COU_9_0903,Courier_COU_9_0903,missing_item,"Auto-generated complaint note",failed,None,37,31.12,1,0
bab1b7fd-c1f8-11f0-8e3d-489ebd4daa67,980368f5-c1f8-11f0-8e3d-489ebd4daa67,CUS_9_00025,RST_9_007,9,Essen,COU_9_0903,Courier_COU_9_0903,late_delivery,"Auto-generated complaint note",failed,None,43,38.92,1,0
bab1b8b4-c1f8-11f0-8e3d-489ebd4daa67,98036b93-c1f8-11f0-8e3d-489ebd4daa67,CUS_9_00020,RST_9_007,9,Essen,COU_9_0903,Courier_COU_9_0903,rude_courier,"Auto-generated complaint note",cancelled,None,47,21.63,1,1
bab1b941-c1f8-11f0-8e3d-489ebd4daa67,98036c6d-c1f8-11f0-8e3d-489ebd4daa67,CUS_9_00028,RST_9_007,9,Essen,COU_9_0903,Courier_COU_9_0903,missing_item,"Auto-generated complaint note",delivered,None,46,22.97,1,0
bab1bca3-c1f8-11f0-8e3d-489ebd4daa67,98037172-c1f8-11f0-8e3d-489ebd4daa67,CUS_9_00081,RST_9_007,9,Essen,COU_9_0903,Courier_COU_9_0903,late_delivery,"Auto-generated complaint note",delivered,None,37,29.17,1,0
bab1bf23-c1f8-11f0-8e3d-489ebd4daa67,98037a47-c1f8-11f0-8e3d-489ebd4daa67,CUS_9_00051,RST_9_007,9,Essen,COU_9_0903,Courier_COU_9_0903,rude_courier,"Auto-generated complaint note",returned,None,41,10.44,1,0
bab1c0db-c1f8-11f0-8e3d-489ebd4daa67,980383af-c1f8-11f0-8e3d-489ebd4daa67,CUS_9_00043,RST_9_007,9,Essen,COU_9_0903,Courier_COU_9_0903,rude_courier,"Auto-generated complaint note",failed,None,47,38.31,1,0
bab1c186-c1f8-11f0-8e3d-489ebd4daa67,9803855f-c1f8-11f0-8e3d-489ebd4daa67,CUS_9_00048,RST_9_007,9,Essen,COU_9_0903,Courier_COU_9_0903,missing_item,"Auto-generated complaint note",cancelled,None,36,19.59,1,1
bab1c242-c1f8-11f0-8e3d-489ebd4daa67,9803870c-c1f8-11f0-8e3d-489ebd4daa67,CUS_9_00027,RST_9_007,9,Essen,COU_9_0903,Courier_COU_9_0903,missing_item,"Auto-generated complaint note",failed,None,42,44.64,1,0
bab1c34f-c1f8-11f0-8e3d-489ebd4daa67,98038b36-c1f8-11f0-8e3d-489ebd4daa67,CUS_9_00034,RST_9_007,9,Essen,COU_9_0903,Courier_COU_9_0903,missing_item,"Auto-generated complaint note",failed,None,30,13.42,1,0
bab1c5a9-c1f8-11f0-8e3d-489ebd4daa67,98038f99-c1f8-11f0-8e3d-489ebd4daa67,CUS_9_00072,RST_9_007,9,Essen,COU_9_0903,Courier_COU_9_0903,missing_item,"Auto-generated complaint note",cancelled,None,39,9.15,1,1
bab1cf02-c1f8-11f0-8e3d-489ebd4daa67,9803a52e-c1f8-11f0-8e3d-489ebd4daa67,CUS_1_00100,RST_1_011,1,Berlin,COU_1_0922,Courier_COU_1_0922,late_delivery,"Auto-generated complaint note",cancelled,None,38,37.27,1,1
bab1d0cf-c1f8-11f0-8e3d-489ebd4daa67,9803ae53-c1f8-11f0-8e3d-489ebd4daa67,CUS_1_00048,RST_1_011,1,Berlin,COU_1_0922,Courier_COU_1_0922,missing_item,"Auto-generated complaint note",failed,None,30,21.41,1,0
bab1d176-c1f8-11f0-8e3d-489ebd4daa67,9803af96-c1f8-11f0-8e3d-489ebd4daa67,CUS_1_00090,RST_1_011,1,Berlin,COU_1_0922,Courier_COU_1_0922,late_delivery,"Auto-generated complaint note",returned,None,39,46.53,1,0
bab1d2cc-c1f8-11f0-8e3d-489ebd4daa67,9803b808-c1f8-11f0-8e3d-489ebd4daa67,CUS_1_00018,RST_1_011,1,Berlin,COU_1_0922,Courier_COU_1_0922,rude_courier,"Auto-generated complaint note",cancelled,None,25,24.36,1,1
bab1d858-c1f8-11f0-8e3d-489ebd4daa67,9803bd3f-c1f8-11f0-8e3d-489ebd4daa67,CUS_1_00032,RST_1_011,1,Berlin,COU_1_0922,Courier_COU_1_0922,missing_item,"Auto-generated complaint note",delivered,None,38,18.17,1,0
bab1d9b1-c1f8-11f0-8e3d-489ebd4daa67,9803c346-c1f8-11f0-8e3d-489ebd4daa67,CUS_1_00039,RST_1_011,1,Berlin,COU_1_0922,Courier_COU_1_0922,late_delivery,"Auto-generated complaint note",failed,None,32,15.24,1,0
bab1db0b-c1f8-11f0-8e3d-489ebd4daa67,9803cb75-c1f8-11f0-8e3d-489ebd4daa67,CUS_1_00056,RST_1_011,1,Berlin,COU_1_0922,Courier_COU_1_0922,rude_courier,"Auto-generated complaint note",returned,None,26,33.39,1,0
bab1dc41-c1f8-11f0-8e3d-489ebd4daa67,9803cfca-c1f8-11f0-8e3d-489ebd4daa67,CUS_1_00014,RST_1_011,1,Berlin,COU_1_0922,Courier_COU_1_0922,late_delivery,"Auto-generated complaint note",delivered,None,32,39.28,1,0
bab1dccc-c1f8-11f0-8e3d-489ebd4daa67,9803d039-c1f8-11f0-8e3d-489ebd4daa67,CUS_1_00091,RST_1_011,1,Berlin,COU_1_0922,Courier_COU_1_0922,rude_courier,"Auto-generated complaint note",returned,None,28,14.08,1,0
bab1de18-c1f8-11f0-8e3d-489ebd4daa67,9803d8e4-c1f8-11f0-8e3d-489ebd4daa67,CUS_1_00080,RST_1_011,1,Berlin,COU_1_0922,Courier_COU_1_0922,rude_courier,"Auto-generated complaint note",failed,None,32,23.65,1,0
bab1df06-c1f8-11f0-8e3d-489ebd4daa67,9803dc81-c1f8-11f0-8e3d-489ebd4daa67,CUS_1_00077,RST_1_011,1,Berlin,COU_1_0922,Courier_COU_1_0922,missing_item,"Auto-generated complaint note",cancelled,None,29,12.03,1,1
bab1e064-c1f8-11f0-8e3d-489ebd4daa67,9803e4ab-c1f8-11f0-8e3d-489ebd4daa67,CUS_1_00008,RST_1_011,1,Berlin,COU_1_0922,Courier_COU_1_0922,late_delivery,"Auto-generated complaint note",failed,None,27,9.43,1,0
bab1e0f2-c1f8-11f0-8e3d-489ebd4daa67,9803e58e-c1f8-11f0-8e3d-489ebd4daa67,CUS_1_00040,RST_1_011,1,Berlin,COU_1_0922,Courier_COU_1_0922,rude_courier,"Auto-generated complaint note",cancelled,None,43,21.34,1,1
bab1e1d3-c1f8-11f0-8e3d-489ebd4daa67,9803ea34-c1f8-11f0-8e3d-489ebd4daa67,CUS_1_00011,RST_1_011,1,Berlin,COU_1_0922,Courier_COU_1_0922,late_delivery,"Auto-generated complaint note",failed,None,41,14.28,1,0
bab1e2e3-c1f8-11f0-8e3d-489ebd4daa67,9803ef98-c1f8-11f0-8e3d-489ebd4daa67,CUS_1_00022,RST_1_011,1,Berlin,COU_1_0922,Courier_COU_1_0922,rude_courier,"Auto-generated complaint note",cancelled,None,31,20.68,1,1
bab1e3b8-c1f8-11f0-8e3d-489ebd4daa67,9803f333-c1f8-11f0-8e3d-489ebd4daa67,CUS_1_00078,RST_1_011,1,Berlin,COU_1_0922,Courier_COU_1_0922,missing_item,"Auto-generated complaint note",delivered,None,42,22.05,1,0
bab1e4ac-c1f8-11f0-8e3d-489ebd4daa67,9803f84f-c1f8-11f0-8e3d-489ebd4daa67,CUS_1_00100,RST_1_011,1,Berlin,COU_1_0922,Courier_COU_1_0922,rude_courier,"Auto-generated complaint note",returned,None,26,28.71,1,0
bab1e5b9-c1f8-11f0-8e3d-489ebd4daa67,9803ff07-c1f8-11f0-8e3d-489ebd4daa67,CUS_1_00055,RST_1_011,1,Berlin,COU_1_0922,Courier_COU_1_0922,rude_courier,"Auto-generated complaint note",returned,None,31,25.72,1,0
bab1e645-c1f8-11f0-8e3d-489ebd4daa67,9803ffe9-c1f8-11f0-8e3d-489ebd4daa67,CUS_1_00010,RST_1_011,1,Berlin,COU_1_0922,Courier_COU_1_0922,late_delivery,"Auto-generated complaint note",delivered,None,38,8.25,1,0
bab1e806-c1f8-11f0-8e3d-489ebd4daa67,98040e32-c1f8-11f0-8e3d-489ebd4daa67,CUS_1_00041,RST_1_011,1,Berlin,COU_1_0922,Courier_COU_1_0922,rude_courier,"Auto-generated complaint note",failed,None,37,20.26,1,0
bab1e8a6-c1f8-11f0-8e3d-489ebd4daa67,98040f18-c1f8-11f0-8e3d-489ebd4daa67,CUS_1_00085,RST_1_011,1,Berlin,COU_1_0922,Courier_COU_1_0922,missing_item,"Auto-generated complaint note",failed,None,39,23.24,1,0
bab1e991-c1f8-11f0-8e3d-489ebd4daa67,98041304-c1f8-11f0-8e3d-489ebd4daa67,CUS_1_00029,RST_1_011,1,Berlin,COU_1_0922,Courier_COU_1_0922,rude_courier,"Auto-generated complaint note",delivered,None,25,33.86,1,0
bab1ea91-c1f8-11f0-8e3d-489ebd4daa67,9804187f-c1f8-11f0-8e3d-489ebd4daa67,CUS_1_00012,RST_1_011,1,Berlin,COU_1_0922,Courier_COU_1_0922,rude_courier,"Auto-generated complaint note",delivered,customer_cancel,38,36.16,1,0
bab1eb95-c1f8-11f0-8e3d-489ebd4daa67,98041de1-c1f8-11f0-8e3d-489ebd4daa67,CUS_1_00007,RST_1_011,1,Berlin,COU_1_0922,Courier_COU_1_0922,missing_item,"Auto-generated complaint note",delivered,None,39,20.44,1,0
bab1ec24-c1f8-11f0-8e3d-489ebd4daa67,98041edf-c1f8-11f0-8e3d-489ebd4daa67,CUS_1_00078,RST_1_011,1,Berlin,COU_1_0922,Courier_COU_1_0922,late_delivery,"Auto-generated complaint note",cancelled,None,42,10.53,1,1
bab1ef52-c1f8-11f0-8e3d-489ebd4daa67,980448e9-c1f8-11f0-8e3d-489ebd4daa67,CUS_1_00024,RST_1_011,1,Berlin,COU_1_0922,Courier_COU_1_0922,rude_courier,"Auto-generated complaint note",failed,None,25,19.88,1,0
bab1f23b-c1f8-11f0-8e3d-489ebd4daa67,98045a26-c1f8-11f0-8e3d-489ebd4daa67,CUS_1_00033,RST_1_011,1,Berlin,COU_1_0922,Courier_COU_1_0922,late_delivery,"Auto-generated complaint note",delivered,None,39,20.18,1,0
bab1f410-c1f8-11f0-8e3d-489ebd4daa67,98046218-c1f8-11f0-8e3d-489ebd4daa67,CUS_1_00002,RST_1_011,1,Berlin,COU_1_0922,Courier_COU_1_0922,missing_item,"Auto-generated complaint note",returned,None,38,39.22,1,0
bab1f547-c1f8-11f0-8e3d-489ebd4daa67,98046707-c1f8-11f0-8e3d-489ebd4daa67,CUS_1_00034,RST_1_011,1,Berlin,COU_1_0922,Courier_COU_1_0922,missing_item,"Auto-generated complaint note",failed,None,28,34.04,1,0
bab1f657-c1f8-11f0-8e3d-489ebd4daa67,980469c3-c1f8-11f0-8e3d-489ebd4daa67,CUS_1_00056,RST_1_011,1,Berlin,COU_1_0922,Courier_COU_1_0922,late_delivery,"Auto-generated complaint note",delivered,None,42,46.49,1,0
bab1f729-c1f8-11f0-8e3d-489ebd4daa67,98046b1b-c1f8-11f0-8e3d-489ebd4daa67,CUS_1_00069,RST_1_011,1,Berlin,COU_1_0922,Courier_COU_1_0922,late_delivery,"Auto-generated complaint note",returned,None,40,43.78,1,0
bab1f8a2-c1f8-11f0-8e3d-489ebd4daa67,980473c6-c1f8-11f0-8e3d-489ebd4daa67,CUS_1_00088,RST_1_011,1,Berlin,COU_1_0922,Courier_COU_1_0922,late_delivery,"Auto-generated complaint note",delivered,None,33,11.01,1,0
bab1f9fe-c1f8-11f0-8e3d-489ebd4daa67,980479bf-c1f8-11f0-8e3d-489ebd4daa67,CUS_1_00080,RST_1_011,1,Berlin,COU_1_0922,Courier_COU_1_0922,missing_item,"Auto-generated complaint note",cancelled,None,26,23.4,1,1
bab1fb03-c1f8-11f0-8e3d-489ebd4daa67,98047bf2-c1f8-11f0-8e3d-489ebd4daa67,CUS_1_00038,RST_1_011,1,Berlin,COU_1_0922,Courier_COU_1_0922,rude_courier,"Auto-generated complaint note",delivered,None,29,15.07,1,0
bab1fc35-c1f8-11f0-8e3d-489ebd4daa67,98048223-c1f8-11f0-8e3d-489ebd4daa67,CUS_1_00020,RST_1_011,1,Berlin,COU_1_0922,Courier_COU_1_0922,late_delivery,"Auto-generated complaint note",cancelled,None,39,10.38,1,1
bab1fdf0-c1f8-11f0-8e3d-489ebd4daa67,98048c85-c1f8-11f0-8e3d-489ebd4daa67,CUS_1_00033,RST_1_011,1,Berlin,COU_1_0922,Courier_COU_1_0922,late_delivery,"Auto-generated complaint note",returned,None,25,33.64,1,0
bab1fec8-c1f8-11f0-8e3d-489ebd4daa67,98048d9c-c1f8-11f0-8e3d-489ebd4daa67,CUS_1_00064,RST_1_011,1,Berlin,COU_1_0922,Courier_COU_1_0922,rude_courier,"Auto-generated complaint note",returned,None,42,39.93,1,0
bab1ffb5-c1f8-11f0-8e3d-489ebd4daa67,9804904b-c1f8-11f0-8e3d-489ebd4daa67,CUS_1_00011,RST_1_011,1,Berlin,COU_1_0922,Courier_COU_1_0922,late_delivery,"Auto-generated complaint note",delivered,None,40,36.98,1,0
bab2010c-c1f8-11f0-8e3d-489ebd4daa67,98049702-c1f8-11f0-8e3d-489ebd4daa67,CUS_1_00086,RST_1_011,1,Berlin,COU_1_0922,Courier_COU_1_0922,rude_courier,"Auto-generated complaint note",failed,None,25,19.78,1,0
bab201fe-c1f8-11f0-8e3d-489ebd4daa67,980498bd-c1f8-11f0-8e3d-489ebd4daa67,CUS_1_00095,RST_1_011,1,Berlin,COU_1_0922,Courier_COU_1_0922,rude_courier,"Auto-generated complaint note",failed,None,34,43.56,1,0
bab202ce-c1f8-11f0-8e3d-489ebd4daa67,9804999b-c1f8-11f0-8e3d-489ebd4daa67,CUS_1_00070,RST_1_011,1,Berlin,COU_1_0922,Courier_COU_1_0922,missing_item,"Auto-generated complaint note",returned,None,29,40.22,1,0
bab2037a-c1f8-11f0-8e3d-489ebd4daa67,98049a0a-c1f8-11f0-8e3d-489ebd4daa67,CUS_1_00078,RST_1_011,1,Berlin,COU_1_0922,Courier_COU_1_0922,rude_courier,"Auto-generated complaint note",delivered,customer_cancel,41,12.31,1,0
bab204eb-c1f8-11f0-8e3d-489ebd4daa67,9804a155-c1f8-11f0-8e3d-489ebd4daa67,CUS_1_00063,RST_1_011,1,Berlin,COU_1_0922,Courier_COU_1_0922,rude_courier,"Auto-generated complaint note",returned,None,42,20.96,1,0
bab205e8-c1f8-11f0-8e3d-489ebd4daa67,9804a376-c1f8-11f0-8e3d-489ebd4daa67,CUS_1_00035,RST_1_011,1,Berlin,COU_1_0922,Courier_COU_1_0922,late_delivery,"Auto-generated complaint note",delivered,None,29,24.26,1,0
bab206a1-c1f8-11f0-8e3d-489ebd4daa67,9804a452-c1f8-11f0-8e3d-489ebd4daa67,CUS_1_00088,RST_1_011,1,Berlin,COU_1_0922,Courier_COU_1_0922,rude_courier,"Auto-generated complaint note",cancelled,wrong_item,32,33.98,1,1
bab20781-c1f8-11f0-8e3d-489ebd4daa67,9804a60d-c1f8-11f0-8e3d-489ebd4daa67,CUS_1_00055,RST_1_011,1,Berlin,COU_1_0922,Courier_COU_1_0922,rude_courier,"Auto-generated complaint note",returned,None,41,46.92,1,0
bab20887-c1f8-11f0-8e3d-489ebd4daa67,9804a938-c1f8-11f0-8e3d-489ebd4daa67,CUS_1_00090,RST_1_011,1,Berlin,COU_1_0922,Courier_COU_1_0922,rude_courier,"Auto-generated complaint note",failed,None,30,23.8,1,0
bab20a64-c1f8-11f0-8e3d-489ebd4daa67,9804b239-c1f8-11f0-8e3d-489ebd4daa67,CUS_1_00073,RST_1_011,1,Berlin,COU_1_0922,Courier_COU_1_0922,late_delivery,"Auto-generated complaint note",cancelled,customer_cancel,29,24.28,1,1
bab20b4c-c1f8-11f0-8e3d-489ebd4daa67,9804b3f1-c1f8-11f0-8e3d-489ebd4daa67,CUS_1_00085,RST_1_011,1,Berlin,COU_1_0922,Courier_COU_1_0922,rude_courier,"Auto-generated complaint note",cancelled,late,35,36.53,1,1
bab20c0a-c1f8-11f0-8e3d-489ebd4daa67,9804b4ee-c1f8-11f0-8e3d-489ebd4daa67,CUS_9_00077,RST_9_007,9,Essen,COU_9_0908,Courier_COU_9_0908,late_delivery,"Auto-generated complaint note",returned,None,32,34.23,1,0
bab20cfd-c1f8-11f0-8e3d-489ebd4daa67,9804b78d-c1f8-11f0-8e3d-489ebd4daa67,CUS_9_00031,RST_9_007,9,Essen,COU_9_0908,Courier_COU_9_0908,missing_item,"Auto-generated complaint note",delivered,None,40,35.33,1,0
bab20e27-c1f8-11f0-8e3d-489ebd4daa67,9804bbce-c1f8-11f0-8e3d-489ebd4daa67,CUS_9_00053,RST_9_007,9,Essen,COU_9_0908,Courier_COU_9_0908,rude_courier,"Auto-generated complaint note",returned,None,47,29.08,1,0
bab20f1e-c1f8-11f0-8e3d-489ebd4daa67,9804bd84-c1f8-11f0-8e3d-489ebd4daa67,CUS_9_00039,RST_9_007,9,Essen,COU_9_0908,Courier_COU_9_0908,rude_courier,"Auto-generated complaint note",cancelled,None,43,12.2,1,1
bab20fe9-c1f8-11f0-8e3d-489ebd4daa67,9804bef6-c1f8-11f0-8e3d-489ebd4daa67,CUS_9_00018,RST_9_007,9,Essen,COU_9_0908,Courier_COU_9_0908,rude_courier,"Auto-generated complaint note",failed,None,40,30.59,1,0
bab21111-c1f8-11f0-8e3d-489ebd4daa67,9804c35c-c1f8-11f0-8e3d-489ebd4daa67,CUS_9_00074,RST_9_007,9,Essen,COU_9_0908,Courier_COU_9_0908,rude_courier,"Auto-generated complaint note",cancelled,None,48,32.42,1,1
bab21369-c1f8-11f0-8e3d-489ebd4daa67,9804d1be-c1f8-11f0-8e3d-489ebd4daa67,CUS_9_00049,RST_9_007,9,Essen,COU_9_0908,Courier_COU_9_0908,rude_courier,"Auto-generated complaint note",returned,None,44,21.14,1,0
bab215a5-c1f8-11f0-8e3d-489ebd4daa67,9804dd6f-c1f8-11f0-8e3d-489ebd4daa67,CUS_9_00031,RST_9_007,9,Essen,COU_9_0908,Courier_COU_9_0908,late_delivery,"Auto-generated complaint note",cancelled,None,42,38.64,1,1
bab21710-c1f8-11f0-8e3d-489ebd4daa67,9804e29c-c1f8-11f0-8e3d-489ebd4daa67,CUS_9_00069,RST_9_007,9,Essen,COU_9_0908,Courier_COU_9_0908,late_delivery,"Auto-generated complaint note",returned,None,39,23.61,1,0
bab21891-c1f8-11f0-8e3d-489ebd4daa67,9804e977-c1f8-11f0-8e3d-489ebd4daa67,CUS_9_00074,RST_9_007,9,Essen,COU_9_0908,Courier_COU_9_0908,late_delivery,"Auto-generated complaint note",cancelled,None,47,45.15,1,1
bab219d4-c1f8-11f0-8e3d-489ebd4daa67,9804eeb4-c1f8-11f0-8e3d-489ebd4daa67,CUS_9_00005,RST_9_007,9,Essen,COU_9_0908,Courier_COU_9_0908,rude_courier,"Auto-generated complaint note",cancelled,None,44,11.36,1,1
bab21adb-c1f8-11f0-8e3d-489ebd4daa67,9804f0e8-c1f8-11f0-8e3d-489ebd4daa67,CUS_9_00098,RST_9_007,9,Essen,COU_9_0908,Courier_COU_9_0908,rude_courier,"Auto-generated complaint note",returned,None,39,44.42,1,0
bab21ba4-c1f8-11f0-8e3d-489ebd4daa67,9804f1c6-c1f8-11f0-8e3d-489ebd4daa67,CUS_9_00029,RST_9_007,9,Essen,COU_9_0908,Courier_COU_9_0908,late_delivery,"Auto-generated complaint note",failed,None,38,22.4,1,0
bab21c57-c1f8-11f0-8e3d-489ebd4daa67,9804f23b-c1f8-11f0-8e3d-489ebd4daa67,CUS_9_00001,RST_9_007,9,Essen,COU_9_0908,Courier_COU_9_0908,rude_courier,"Auto-generated complaint note",delivered,None,34,45.83,1,0
bab21d20-c1f8-11f0-8e3d-489ebd4daa67,9804f38a-c1f8-11f0-8e3d-489ebd4daa67,CUS_9_00075,RST_9_007,9,Essen,COU_9_0908,Courier_COU_9_0908,rude_courier,"Auto-generated complaint note",failed,None,42,42.02,1,0
bab21dcc-c1f8-11f0-8e3d-489ebd4daa67,9804f469-c1f8-11f0-8e3d-489ebd4daa67,CUS_9_00012,RST_9_007,9,Essen,COU_9_0908,Courier_COU_9_0908,rude_courier,"Auto-generated complaint note",cancelled,None,43,34.86,1,1
bab21f04-c1f8-11f0-8e3d-489ebd4daa67,9804f8ba-c1f8-11f0-8e3d-489ebd4daa67,CUS_9_00048,RST_9_007,9,Essen,COU_9_0908,Courier_COU_9_0908,rude_courier,"Auto-generated complaint note",failed,None,42,37.05,1,0
bab21fd2-c1f8-11f0-8e3d-489ebd4daa67,9804fa0d-c1f8-11f0-8e3d-489ebd4daa67,CUS_9_00063,RST_9_007,9,Essen,COU_9_0908,Courier_COU_9_0908,rude_courier,"Auto-generated complaint note",failed,None,33,41.16,1,0
bab22121-c1f8-11f0-8e3d-489ebd4daa67,98050089-c1f8-11f0-8e3d-489ebd4daa67,CUS_9_00078,RST_9_007,9,Essen,COU_9_0908,Courier_COU_9_0908,rude_courier,"Auto-generated complaint note",failed,None,45,8.05,1,0
bab22258-c1f8-11f0-8e3d-489ebd4daa67,98050589-c1f8-11f0-8e3d-489ebd4daa67,CUS_9_00020,RST_9_007,9,Essen,COU_9_0908,Courier_COU_9_0908,missing_item,"Auto-generated complaint note",cancelled,None,33,47.49,1,1
bab22400-c1f8-11f0-8e3d-489ebd4daa67,98050dc0-c1f8-11f0-8e3d-489ebd4daa67,CUS_9_00023,RST_9_007,9,Essen,COU_9_0908,Courier_COU_9_0908,late_delivery,"Auto-generated complaint note",returned,late,37,19.24,1,0
bab22527-c1f8-11f0-8e3d-489ebd4daa67,9805113a-c1f8-11f0-8e3d-489ebd4daa67,CUS_9_00068,RST_9_007,9,Essen,COU_9_0908,Courier_COU_9_0908,late_delivery,"Auto-generated complaint note",cancelled,None,40,32.3,1,1
bab225e0-c1f8-11f0-8e3d-489ebd4daa67,980511a9-c1f8-11f0-8e3d-489ebd4daa67,CUS_9_00055,RST_9_007,9,Essen,COU_9_0908,Courier_COU_9_0908,late_delivery,"Auto-generated complaint note",cancelled,None,35,40.48,1,1
bab2270b-c1f8-11f0-8e3d-489ebd4daa67,980515cd-c1f8-11f0-8e3d-489ebd4daa67,CUS_9_00050,RST_9_007,9,Essen,COU_9_0908,Courier_COU_9_0908,missing_item,"Auto-generated complaint note",failed,None,42,23.3,1,0
bab22923-c1f8-11f0-8e3d-489ebd4daa67,98052292-c1f8-11f0-8e3d-489ebd4daa67,CUS_9_00015,RST_9_007,9,Essen,COU_9_0908,Courier_COU_9_0908,rude_courier,"Auto-generated complaint note",failed,wrong_item,33,27.03,1,0
bab22a14-c1f8-11f0-8e3d-489ebd4daa67,980524b9-c1f8-11f0-8e3d-489ebd4daa67,CUS_9_00066,RST_9_007,9,Essen,COU_9_0908,Courier_COU_9_0908,rude_courier,"Auto-generated complaint note",cancelled,None,34,14.82,1,1
bab22c47-c1f8-11f0-8e3d-489ebd4daa67,98052c2c-c1f8-11f0-8e3d-489ebd4daa67,CUS_9_00082,RST_9_007,9,Essen,COU_9_0908,Courier_COU_9_0908,late_delivery,"Auto-generated complaint note",cancelled,None,46,46.23,1,1
bab22e1a-c1f8-11f0-8e3d-489ebd4daa67,9805341c-c1f8-11f0-8e3d-489ebd4daa67,CUS_9_00009,RST_9_007,9,Essen,COU_9_0908,Courier_COU_9_0908,missing_item,"Auto-generated complaint note",failed,None,30,40.05,1,0
bab22f62-c1f8-11f0-8e3d-489ebd4daa67,980538e5-c1f8-11f0-8e3d-489ebd4daa67,CUS_9_00094,RST_9_007,9,Essen,COU_9_0908,Courier_COU_9_0908,rude_courier,"Auto-generated complaint note",delivered,None,36,36.57,1,0
bab230a3-c1f8-11f0-8e3d-489ebd4daa67,98053ddf-c1f8-11f0-8e3d-489ebd4daa67,CUS_9_00061,RST_9_007,9,Essen,COU_9_0908,Courier_COU_9_0908,rude_courier,"Auto-generated complaint note",delivered,customer_cancel,31,39.51,1,0
bab23182-c1f8-11f0-8e3d-489ebd4daa67,98053f2e-c1f8-11f0-8e3d-489ebd4daa67,CUS_9_00045,RST_9_007,9,Essen,COU_9_0908,Courier_COU_9_0908,late_delivery,"Auto-generated complaint note",delivered,None,33,31.85,1,0
bab23272-c1f8-11f0-8e3d-489ebd4daa67,98054156-c1f8-11f0-8e3d-489ebd4daa67,CUS_9_00075,RST_9_007,9,Essen,COU_9_0908,Courier_COU_9_0908,rude_courier,"Auto-generated complaint note",returned,customer_cancel,38,31.85,1,0
bab23384-c1f8-11f0-8e3d-489ebd4daa67,98054511-c1f8-11f0-8e3d-489ebd4daa67,CUS_9_00091,RST_9_007,9,Essen,COU_9_0908,Courier_COU_9_0908,missing_item,"Auto-generated complaint note",failed,None,43,34.17,1,0
bab2351c-c1f8-11f0-8e3d-489ebd4daa67,98054c25-c1f8-11f0-8e3d-489ebd4daa67,CUS_9_00034,RST_9_007,9,Essen,COU_9_0908,Courier_COU_9_0908,rude_courier,"Auto-generated complaint note",cancelled,None,43,43.06,1,1
bab236d9-c1f8-11f0-8e3d-489ebd4daa67,9805543f-c1f8-11f0-8e3d-489ebd4daa67,CUS_9_00076,RST_9_007,9,Essen,COU_9_0908,Courier_COU_9_0908,late_delivery,"Auto-generated complaint note",delivered,customer_cancel,43,31.91,1,0
bab23841-c1f8-11f0-8e3d-489ebd4daa67,980559e0-c1f8-11f0-8e3d-489ebd4daa67,CUS_9_00009,RST_9_007,9,Essen,COU_9_0908,Courier_COU_9_0908,late_delivery,"Auto-generated complaint note",failed,None,33,47.33,1,0
bab23b16-c1f8-11f0-8e3d-489ebd4daa67,98056d73-c1f8-11f0-8e3d-489ebd4daa67,CUS_9_00090,RST_9_007,9,Essen,COU_9_0908,Courier_COU_9_0908,rude_courier,"Auto-generated complaint note",returned,None,32,46.62,1,0
bab23cb5-c1f8-11f0-8e3d-489ebd4daa67,98056f98-c1f8-11f0-8e3d-489ebd4daa67,CUS_9_00017,RST_9_007,9,Essen,COU_9_0908,Courier_COU_9_0908,late_delivery,"Auto-generated complaint note",cancelled,None,41,16.21,1,1
bab23eb9-c1f8-11f0-8e3d-489ebd4daa67,9805789f-c1f8-11f0-8e3d-489ebd4daa67,CUS_9_00082,RST_9_007,9,Essen,COU_9_0908,Courier_COU_9_0908,missing_item,"Auto-generated complaint note",cancelled,None,37,25.85,1,1
bab23fc2-c1f8-11f0-8e3d-489ebd4daa67,98057b28-c1f8-11f0-8e3d-489ebd4daa67,CUS_9_00058,RST_9_007,9,Essen,COU_9_0908,Courier_COU_9_0908,late_delivery,"Auto-generated complaint note",delivered,None,32,47.99,1,0
bab24079-c1f8-11f0-8e3d-489ebd4daa67,98057b92-c1f8-11f0-8e3d-489ebd4daa67,CUS_9_00095,RST_9_007,9,Essen,COU_9_0908,Courier_COU_9_0908,late_delivery,"Auto-generated complaint note",delivered,None,33,36.63,1,0
bab241e3-c1f8-11f0-8e3d-489ebd4daa67,98058155-c1f8-11f0-8e3d-489ebd4daa67,CUS_9_00004,RST_9_007,9,Essen,COU_9_0908,Courier_COU_9_0908,rude_courier,"Auto-generated complaint note",failed,None,31,24.42,1,0
bab242fc-c1f8-11f0-8e3d-489ebd4daa67,980583ec-c1f8-11f0-8e3d-489ebd4daa67,CUS_9_00055,RST_9_007,9,Essen,COU_9_0908,Courier_COU_9_0908,rude_courier,"Auto-generated complaint note",cancelled,None,47,9.36,1,1
bab2444a-c1f8-11f0-8e3d-489ebd4daa67,9805882f-c1f8-11f0-8e3d-489ebd4daa67,CUS_9_00005,RST_9_007,9,Essen,COU_9_0908,Courier_COU_9_0908,rude_courier,"Auto-generated complaint note",failed,None,44,36.81,1,0
bab24589-c1f8-11f0-8e3d-489ebd4daa67,98058c0b-c1f8-11f0-8e3d-489ebd4daa67,CUS_9_00016,RST_9_007,9,Essen,COU_9_0908,Courier_COU_9_0908,rude_courier,"Auto-generated complaint note",failed,None,47,44.06,1,0
bab246c1-c1f8-11f0-8e3d-489ebd4daa67,98058f2b-c1f8-11f0-8e3d-489ebd4daa67,CUS_9_00047,RST_9_007,9,Essen,COU_9_0908,Courier_COU_9_0908,rude_courier,"Auto-generated complaint note",failed,wrong_item,30,38.97,1,0
bab2477e-c1f8-11f0-8e3d-489ebd4daa67,98058fa8-c1f8-11f0-8e3d-489ebd4daa67,CUS_9_00043,RST_9_007,9,Essen,COU_9_0908,Courier_COU_9_0908,late_delivery,"Auto-generated complaint note",failed,None,35,17.55,1,0
bab249ba-c1f8-11f0-8e3d-489ebd4daa67,9805908b-c1f8-11f0-8e3d-489ebd4daa67,CUS_9_00091,RST_9_007,9,Essen,COU_9_0908,Courier_COU_9_0908,rude_courier,"Auto-generated complaint note",failed,None,41,33.64,1,0
bab24be3-c1f8-11f0-8e3d-489ebd4daa67,98059bfc-c1f8-11f0-8e3d-489ebd4daa67,CUS_9_00072,RST_9_007,9,Essen,COU_9_0908,Courier_COU_9_0908,rude_courier,"Auto-generated complaint note",delivered,None,36,28.2,1,0
bab24cc0-c1f8-11f0-8e3d-489ebd4daa67,98059c6b-c1f8-11f0-8e3d-489ebd4daa67,CUS_9_00073,RST_9_007,9,Essen,COU_9_0908,Courier_COU_9_0908,late_delivery,"Auto-generated complaint note",delivered,None,35,21.99,1,0
bab24e17-c1f8-11f0-8e3d-489ebd4daa67,98059f86-c1f8-11f0-8e3d-489ebd4daa67,CUS_9_00022,RST_9_007,9,Essen,COU_9_0908,Courier_COU_9_0908,missing_item,"Auto-generated complaint note",returned,customer_cancel,44,12.77,1,0
bab2509f-c1f8-11f0-8e3d-489ebd4daa67,9805ab85-c1f8-11f0-8e3d-489ebd4daa67,CUS_9_00051,RST_9_007,9,Essen,COU_9_0908,Courier_COU_9_0908,late_delivery,"Auto-generated complaint note",failed,None,34,40.61,1,0
bab252bf-c1f8-11f0-8e3d-489ebd4daa67,9805b527-c1f8-11f0-8e3d-489ebd4daa67,CUS_9_00047,RST_9_007,9,Essen,COU_9_0908,Courier_COU_9_0908,late_delivery,"Auto-generated complaint note",cancelled,None,48,34.8,1,1
bab253a4-c1f8-11f0-8e3d-489ebd4daa67,9805b606-c1f8-11f0-8e3d-489ebd4daa67,CUS_9_00006,RST_9_007,9,Essen,COU_9_0908,Courier_COU_9_0908,rude_courier,"Auto-generated complaint note",delivered,None,49,37.6,1,0
bab25478-c1f8-11f0-8e3d-489ebd4daa67,9805b6e5-c1f8-11f0-8e3d-489ebd4daa67,CUS_9_00049,RST_9_007,9,Essen,COU_9_0908,Courier_COU_9_0908,late_delivery,"Auto-generated complaint note",delivered,None,31,9.34,1,0
bab2557f-c1f8-11f0-8e3d-489ebd4daa67,9805b927-c1f8-11f0-8e3d-489ebd4daa67,CUS_9_00063,RST_9_007,9,Essen,COU_9_0908,Courier_COU_9_0908,late_delivery,"Auto-generated complaint note",delivered,None,42,14.5,1,0
bab256cf-c1f8-11f0-8e3d-489ebd4daa67,9805bde5-c1f8-11f0-8e3d-489ebd4daa67,CUS_9_00062,RST_9_007,9,Essen,COU_9_0908,Courier_COU_9_0908,missing_item,"Auto-generated complaint note",failed,None,30,15.94,1,0
bab257a8-c1f8-11f0-8e3d-489ebd4daa67,9805be57-c1f8-11f0-8e3d-489ebd4daa67,CUS_9_00034,RST_9_007,9,Essen,COU_9_0908,Courier_COU_9_0908,rude_courier,"Auto-generated complaint note",cancelled,None,44,45.92,1,1
bab259ac-c1f8-11f0-8e3d-489ebd4daa67,9805cad7-c1f8-11f0-8e3d-489ebd4daa67,CUS_9_00053,RST_9_007,9,Essen,COU_9_0908,Courier_COU_9_0908,late_delivery,"Auto-generated complaint note",failed,None,32,40.51,1,0
bab25aeb-c1f8-11f0-8e3d-489ebd4daa67,9805cdf8-c1f8-11f0-8e3d-489ebd4daa67,CUS_9_00046,RST_9_007,9,Essen,COU_9_0908,Courier_COU_9_0908,late_delivery,"Auto-generated complaint note",delivered,None,45,24.63,1,0
bab25be5-c1f8-11f0-8e3d-489ebd4daa67,9805cf4d-c1f8-11f0-8e3d-489ebd4daa67,CUS_9_00009,RST_9_007,9,Essen,COU_9_0908,Courier_COU_9_0908,late_delivery,"Auto-generated complaint note",returned,None,41,37.68,1,0
bab25d3c-c1f8-11f0-8e3d-489ebd4daa67,9805d3ba-c1f8-11f0-8e3d-489ebd4daa67,CUS_9_00084,RST_9_007,9,Essen,COU_9_0908,Courier_COU_9_0908,late_delivery,"Auto-generated complaint note",returned,None,42,41.4,1,0
bab25e6d-c1f8-11f0-8e3d-489ebd4daa67,9805d74d-c1f8-11f0-8e3d-489ebd4daa67,CUS_9_00005,RST_9_007,9,Essen,COU_9_0908,Courier_COU_9_0908,rude_courier,"Auto-generated complaint note",cancelled,None,34,34.83,1,1
bab2606e-c1f8-11f0-8e3d-489ebd4daa67,9805e16d-c1f8-11f0-8e3d-489ebd4daa67,CUS_9_00063,RST_9_007,9,Essen,COU_9_0908,Courier_COU_9_0908,missing_item,"Auto-generated complaint note",delivered,None,49,25.03,1,0
bab261e2-c1f8-11f0-8e3d-489ebd4daa67,9805e626-c1f8-11f0-8e3d-489ebd4daa67,CUS_9_00088,RST_9_007,9,Essen,COU_9_0908,Courier_COU_9_0908,rude_courier,"Auto-generated complaint note",delivered,None,39,34.81,1,0
bab2634d-c1f8-11f0-8e3d-489ebd4daa67,9805ec47-c1f8-11f0-8e3d-489ebd4daa67,CUS_9_00031,RST_9_007,9,Essen,COU_9_0908,Courier_COU_9_0908,missing_item,"Auto-generated complaint note",delivered,None,46,25.79,1,0
bab26411-c1f8-11f0-8e3d-489ebd4daa67,9805ed8d-c1f8-11f0-8e3d-489ebd4daa67,CUS_9_00028,RST_9_007,9,Essen,COU_9_0908,Courier_COU_9_0908,missing_item,"Auto-generated complaint note",cancelled,None,49,34.31,1,1
bab264cb-c1f8-11f0-8e3d-489ebd4daa67,9805ef44-c1f8-11f0-8e3d-489ebd4daa67,CUS_9_00076,RST_9_007,9,Essen,COU_9_0908,Courier_COU_9_0908,late_delivery,"Auto-generated complaint note",returned,None,38,43.62,1,0
bab2667c-c1f8-11f0-8e3d-489ebd4daa67,9805f975-c1f8-11f0-8e3d-489ebd4daa67,CUS_9_00094,RST_9_007,9,Essen,COU_9_0908,Courier_COU_9_0908,missing_item,"Auto-generated complaint note",cancelled,None,48,47.81,1,1
bab2674d-c1f8-11f0-8e3d-489ebd4daa67,9805fb42-c1f8-11f0-8e3d-489ebd4daa67,CUS_9_00002,RST_9_007,9,Essen,COU_9_0908,Courier_COU_9_0908,rude_courier,"Auto-generated complaint note",cancelled,None,43,27.9,1,1
bab2681c-c1f8-11f0-8e3d-489ebd4daa67,9805fdc7-c1f8-11f0-8e3d-489ebd4daa67,CUS_9_00061,RST_9_007,9,Essen,COU_9_0908,Courier_COU_9_0908,missing_item,"Auto-generated complaint note",cancelled,None,32,17.92,1,1
bab268cb-c1f8-11f0-8e3d-489ebd4daa67,9805ffde-c1f8-11f0-8e3d-489ebd4daa67,CUS_9_00001,RST_9_007,9,Essen,COU_9_0908,Courier_COU_9_0908,missing_item,"Auto-generated complaint note",cancelled,None,32,43.55,1,1
bab26a35-c1f8-11f0-8e3d-489ebd4daa67,98060973-c1f8-11f0-8e3d-489ebd4daa67,CUS_9_00085,RST_9_007,9,Essen,COU_9_0908,Courier_COU_9_0908,rude_courier,"Auto-generated complaint note",failed,None,30,11.23,1,0
bab26b28-c1f8-11f0-8e3d-489ebd4daa67,98060cd6-c1f8-11f0-8e3d-489ebd4daa67,CUS_9_00021,RST_9_007,9,Essen,COU_9_0908,Courier_COU_9_0908,missing_item,"Auto-generated complaint note",cancelled,None,40,8.99,1,1
bab26e76-c1f8-11f0-8e3d-489ebd4daa67,98061136-c1f8-11f0-8e3d-489ebd4daa67,CUS_9_00020,RST_9_007,9,Essen,COU_9_0908,Courier_COU_9_0908,missing_item,"Auto-generated complaint note",cancelled,late,41,10.83,1,1
bab2705f-c1f8-11f0-8e3d-489ebd4daa67,980619cc-c1f8-11f0-8e3d-489ebd4daa67,CUS_9_00079,RST_9_007,9,Essen,COU_9_0908,Courier_COU_9_0908,late_delivery,"Auto-generated complaint note",delivered,None,41,31.15,1,0
bab2722f-c1f8-11f0-8e3d-489ebd4daa67,98062458-c1f8-11f0-8e3d-489ebd4daa67,CUS_9_00001,RST_9_007,9,Essen,COU_9_0908,Courier_COU_9_0908,late_delivery,"Auto-generated complaint note",failed,None,48,9.46,1,0
bab2736b-c1f8-11f0-8e3d-489ebd4daa67,98062cbd-c1f8-11f0-8e3d-489ebd4daa67,CUS_9_00096,RST_9_007,9,Essen,COU_9_0908,Courier_COU_9_0908,rude_courier,"Auto-generated complaint note",delivered,None,41,35.59,1,0
bab273f7-c1f8-11f0-8e3d-489ebd4daa67,98062db5-c1f8-11f0-8e3d-489ebd4daa67,CUS_9_00015,RST_9_007,9,Essen,COU_9_0908,Courier_COU_9_0908,late_delivery,"Auto-generated complaint note",delivered,None,42,42.89,1,0
bab274ba-c1f8-11f0-8e3d-489ebd4daa67,980630b0-c1f8-11f0-8e3d-489ebd4daa67,CUS_9_00066,RST_9_007,9,Essen,COU_9_0908,Courier_COU_9_0908,missing_item,"Auto-generated complaint note",cancelled,None,40,34.56,1,1
bab27561-c1f8-11f0-8e3d-489ebd4daa67,9806326c-c1f8-11f0-8e3d-489ebd4daa67,CUS_9_00013,RST_9_007,9,Essen,COU_9_0908,Courier_COU_9_0908,late_delivery,"Auto-generated complaint note",returned,late,42,13.27,1,0
bab27641-c1f8-11f0-8e3d-489ebd4daa67,980635e4-c1f8-11f0-8e3d-489ebd4daa67,CUS_9_00065,RST_9_007,9,Essen,COU_9_0908,Courier_COU_9_0908,missing_item,"Auto-generated complaint note",returned,None,43,17.19,1,0
bab276ee-c1f8-11f0-8e3d-489ebd4daa67,980636c5-c1f8-11f0-8e3d-489ebd4daa67,CUS_9_00073,RST_9_007,9,Essen,COU_9_0908,Courier_COU_9_0908,rude_courier,"Auto-generated complaint note",delivered,None,31,28.02,1,0
bab27803-c1f8-11f0-8e3d-489ebd4daa67,98063d97-c1f8-11f0-8e3d-489ebd4daa67,CUS_9_00081,RST_9_007,9,Essen,COU_9_0908,Courier_COU_9_0908,late_delivery,"Auto-generated complaint note",delivered,None,31,36.59,1,0
bab27896-c1f8-11f0-8e3d-489ebd4daa67,98063e79-c1f8-11f0-8e3d-489ebd4daa67,CUS_9_00064,RST_9_007,9,Essen,COU_9_0908,Courier_COU_9_0908,missing_item,"Auto-generated complaint note",returned,late,39,28.98,1,0
bab27934-c1f8-11f0-8e3d-489ebd4daa67,98063fd2-c1f8-11f0-8e3d-489ebd4daa67,CUS_9_00008,RST_9_007,9,Essen,COU_9_0908,Courier_COU_9_0908,late_delivery,"Auto-generated complaint note",returned,None,31,12.22,1,0
bab279ba-c1f8-11f0-8e3d-489ebd4daa67,98064043-c1f8-11f0-8e3d-489ebd4daa67,CUS_9_00023,RST_9_007,9,Essen,COU_9_0908,Courier_COU_9_0908,missing_item,"Auto-generated complaint note",returned,None,47,38.62,1,0
bab27b1b-c1f8-11f0-8e3d-489ebd4daa67,9806499d-c1f8-11f0-8e3d-489ebd4daa67,CUS_9_00030,RST_9_007,9,Essen,COU_9_0908,Courier_COU_9_0908,missing_item,"Auto-generated complaint note",failed,None,42,10.61,1,0
bab27c45-c1f8-11f0-8e3d-489ebd4daa67,98064e42-c1f8-11f0-8e3d-489ebd4daa67,CUS_9_00060,RST_9_007,9,Essen,COU_9_0908,Courier_COU_9_0908,rude_courier,"Auto-generated complaint note",failed,None,34,32.77,1,0
bab27d51-c1f8-11f0-8e3d-489ebd4daa67,980657bc-c1f8-11f0-8e3d-489ebd4daa67,CUS_9_00062,RST_9_007,9,Essen,COU_9_0908,Courier_COU_9_0908,rude_courier,"Auto-generated complaint note",failed,None,45,11.78,1,0
bab27dcc-c1f8-11f0-8e3d-489ebd4daa67,9806597a-c1f8-11f0-8e3d-489ebd4daa67,CUS_9_00086,RST_9_007,9,Essen,COU_9_0908,Courier_COU_9_0908,late_delivery,"Auto-generated complaint note",failed,None,33,12.98,1,0
bab27e5d-c1f8-11f0-8e3d-489ebd4daa67,98065d76-c1f8-11f0-8e3d-489ebd4daa67,CUS_9_00031,RST_9_007,9,Essen,COU_9_0908,Courier_COU_9_0908,rude_courier,"Auto-generated complaint note",cancelled,None,47,26.34,1,1
bab27ef5-c1f8-11f0-8e3d-489ebd4daa67,980661ad-c1f8-11f0-8e3d-489ebd4daa67,CUS_9_00058,RST_9_007,9,Essen,COU_9_0908,Courier_COU_9_0908,late_delivery,"Auto-generated complaint note",cancelled,None,45,20.93,1,1
bab27f63-c1f8-11f0-8e3d-489ebd4daa67,98066382-c1f8-11f0-8e3d-489ebd4daa67,CUS_9_00069,RST_9_007,9,Essen,COU_9_0908,Courier_COU_9_0908,rude_courier,"Auto-generated complaint note",returned,None,37,37.4,1,0
bab27fbe-c1f8-11f0-8e3d-489ebd4daa67,980663f2-c1f8-11f0-8e3d-489ebd4daa67,CUS_9_00081,RST_9_007,9,Essen,COU_9_0908,Courier_COU_9_0908,rude_courier,"Auto-generated complaint note",cancelled,None,44,16.39,1,1
bab28030-c1f8-11f0-8e3d-489ebd4daa67,98066628-c1f8-11f0-8e3d-489ebd4daa67,CUS_9_00008,RST_9_007,9,Essen,COU_9_0908,Courier_COU_9_0908,late_delivery,"Auto-generated complaint note",delivered,None,41,28.82,1,0
bab280a9-c1f8-11f0-8e3d-489ebd4daa67,9806685d-c1f8-11f0-8e3d-489ebd4daa67,CUS_9_00097,RST_9_007,9,Essen,COU_9_0908,Courier_COU_9_0908,missing_item,"Auto-generated complaint note",delivered,None,30,9.16,1,0
bab2817b-c1f8-11f0-8e3d-489ebd4daa67,9806709f-c1f8-11f0-8e3d-489ebd4daa67,CUS_9_00026,RST_9_007,9,Essen,COU_9_0908,Courier_COU_9_0908,late_delivery,"Auto-generated complaint note",returned,None,40,24.37,1,0
bab281d3-c1f8-11f0-8e3d-489ebd4daa67,9806710d-c1f8-11f0-8e3d-489ebd4daa67,CUS_9_00098,RST_9_007,9,Essen,COU_9_0908,Courier_COU_9_0908,missing_item,"Auto-generated complaint note",failed,None,47,23.12,1,0
bab2831c-c1f8-11f0-8e3d-489ebd4daa67,980685f0-c1f8-11f0-8e3d-489ebd4daa67,CUS_9_00087,RST_9_007,9,Essen,COU_9_0908,Courier_COU_9_0908,late_delivery,"Auto-generated complaint note",failed,None,48,44.88,1,0
bab28388-c1f8-11f0-8e3d-489ebd4daa67,98068ae8-c1f8-11f0-8e3d-489ebd4daa67,CUS_9_00031,RST_9_007,9,Essen,COU_9_0908,Courier_COU_9_0908,rude_courier,"Auto-generated complaint note",cancelled,late,40,22.07,1,1
bab2846e-c1f8-11f0-8e3d-489ebd4daa67,98069df5-c1f8-11f0-8e3d-489ebd4daa67,CUS_9_00009,RST_9_007,9,Essen,COU_9_0908,Courier_COU_9_0908,late_delivery,"Auto-generated complaint note",delivered,None,32,28.03,1,0
bab284c8-c1f8-11f0-8e3d-489ebd4daa67,98069e9d-c1f8-11f0-8e3d-489ebd4daa67,CUS_9_00079,RST_9_007,9,Essen,COU_9_0908,Courier_COU_9_0908,rude_courier,"Auto-generated complaint note",failed,None,49,12.73,1,0
bab2858a-c1f8-11f0-8e3d-489ebd4daa67,9806ab5e-c1f8-11f0-8e3d-489ebd4daa67,CUS_9_00035,RST_9_007,9,Essen,COU_9_0908,Courier_COU_9_0908,missing_item,"Auto-generated complaint note",failed,None,31,46.58,1,0
bab285e2-c1f8-11f0-8e3d-489ebd4daa67,9806ac32-c1f8-11f0-8e3d-489ebd4daa67,CUS_9_00005,RST_9_007,9,Essen,COU_9_0908,Courier_COU_9_0908,rude_courier,"Auto-generated complaint note",cancelled,None,33,26.21,1,1
bab28678-c1f8-11f0-8e3d-489ebd4daa67,9806b3dd-c1f8-11f0-8e3d-489ebd4daa67,CUS_9_00059,RST_9_007,9,Essen,COU_9_0908,Courier_COU_9_0908,missing_item,"Auto-generated complaint note",cancelled,None,40,43.86,1,1
bab286ef-c1f8-11f0-8e3d-489ebd4daa67,9806b619-c1f8-11f0-8e3d-489ebd4daa67,CUS_9_00047,RST_9_007,9,Essen,COU_9_0908,Courier_COU_9_0908,rude_courier,"Auto-generated complaint note",failed,None,48,40.57,1,0
bab28745-c1f8-11f0-8e3d-489ebd4daa67,9806b68c-c1f8-11f0-8e3d-489ebd4daa67,CUS_9_00043,RST_9_007,9,Essen,COU_9_0908,Courier_COU_9_0908,late_delivery,"Auto-generated complaint note",returned,None,38,27.58,1,0
bab287c3-c1f8-11f0-8e3d-489ebd4daa67,9806b995-c1f8-11f0-8e3d-489ebd4daa67,CUS_9_00063,RST_9_007,9,Essen,COU_9_0908,Courier_COU_9_0908,missing_item,"Auto-generated complaint note",failed,None,36,15.64,1,0
bab28819-c1f8-11f0-8e3d-489ebd4daa67,9806ba05-c1f8-11f0-8e3d-489ebd4daa67,CUS_9_00027,RST_9_007,9,Essen,COU_9_0908,Courier_COU_9_0908,late_delivery,"Auto-generated complaint note",failed,None,39,39.57,1,0
bab288c3-c1f8-11f0-8e3d-489ebd4daa67,9806c0ec-c1f8-11f0-8e3d-489ebd4daa67,CUS_9_00086,RST_9_007,9,Essen,COU_9_0908,Courier_COU_9_0908,missing_item,"Auto-generated complaint note",failed,wrong_item,30,34.31,1,0
bab28923-c1f8-11f0-8e3d-489ebd4daa67,9806c1d2-c1f8-11f0-8e3d-489ebd4daa67,CUS_9_00052,RST_9_007,9,Essen,COU_9_0908,Courier_COU_9_0908,rude_courier,"Auto-generated complaint note",delivered,None,35,20.25,1,0
bab289b5-c1f8-11f0-8e3d-489ebd4daa67,9806c6a5-c1f8-11f0-8e3d-489ebd4daa67,CUS_9_00028,RST_9_007,9,Essen,COU_9_0908,Courier_COU_9_0908,missing_item,"Auto-generated complaint note",delivered,None,39,39.15,1,0
bab28c76-c1f8-11f0-8e3d-489ebd4daa67,9806cd34-c1f8-11f0-8e3d-489ebd4daa67,CUS_9_00018,RST_9_007,9,Essen,COU_9_0908,Courier_COU_9_0908,late_delivery,"Auto-generated complaint note",cancelled,None,45,40.08,1,1
bab28dfe-c1f8-11f0-8e3d-489ebd4daa67,9806cf61-c1f8-11f0-8e3d-489ebd4daa67,CUS_9_00079,RST_9_007,9,Essen,COU_9_0908,Courier_COU_9_0908,late_delivery,"Auto-generated complaint note",cancelled,None,44,39.07,1,1
bab291e3-c1f8-11f0-8e3d-489ebd4daa67,9806e755-c1f8-11f0-8e3d-489ebd4daa67,CUS_9_00078,RST_9_007,9,Essen,COU_9_0908,Courier_COU_9_0908,late_delivery,"Auto-generated complaint note",returned,None,37,19.15,1,0
bab29372-c1f8-11f0-8e3d-489ebd4daa67,9806eba9-c1f8-11f0-8e3d-489ebd4daa67,CUS_9_00031,RST_9_007,9,Essen,COU_9_0878,Courier_COU_9_0878,missing_item,"Auto-generated complaint note",failed,None,36,28.94,1,0
bab294d1-c1f8-11f0-8e3d-489ebd4daa67,9806f1bd-c1f8-11f0-8e3d-489ebd4daa67,CUS_9_00039,RST_9_007,9,Essen,COU_9_0878,Courier_COU_9_0878,late_delivery,"Auto-generated complaint note",cancelled,None,33,47.09,1,1
bab295b7-c1f8-11f0-8e3d-489ebd4daa67,9806f524-c1f8-11f0-8e3d-489ebd4daa67,CUS_9_00079,RST_9_007,9,Essen,COU_9_0878,Courier_COU_9_0878,missing_item,"Auto-generated complaint note",delivered,None,34,28.78,1,0
bab29663-c1f8-11f0-8e3d-489ebd4daa67,9806f6db-c1f8-11f0-8e3d-489ebd4daa67,CUS_9_00093,RST_9_007,9,Essen,COU_9_0878,Courier_COU_9_0878,missing_item,"Auto-generated complaint note",failed,late,33,35.72,1,0
bab296fa-c1f8-11f0-8e3d-489ebd4daa67,9806f7d3-c1f8-11f0-8e3d-489ebd4daa67,CUS_9_00074,RST_9_007,9,Essen,COU_9_0878,Courier_COU_9_0878,late_delivery,"Auto-generated complaint note",delivered,None,47,22.04,1,0
bab29787-c1f8-11f0-8e3d-489ebd4daa67,9806f841-c1f8-11f0-8e3d-489ebd4daa67,CUS_9_00068,RST_9_007,9,Essen,COU_9_0878,Courier_COU_9_0878,missing_item,"Auto-generated complaint note",returned,None,44,40.39,1,0
bab29866-c1f8-11f0-8e3d-489ebd4daa67,9806fb73-c1f8-11f0-8e3d-489ebd4daa67,CUS_9_00051,RST_9_007,9,Essen,COU_9_0878,Courier_COU_9_0878,missing_item,"Auto-generated complaint note",delivered,None,49,39.53,1,0
bab29943-c1f8-11f0-8e3d-489ebd4daa67,9806fef7-c1f8-11f0-8e3d-489ebd4daa67,CUS_9_00061,RST_9_007,9,Essen,COU_9_0878,Courier_COU_9_0878,late_delivery,"Auto-generated complaint note",returned,None,35,30.03,1,0
bab29a05-c1f8-11f0-8e3d-489ebd4daa67,9807004c-c1f8-11f0-8e3d-489ebd4daa67,CUS_9_00045,RST_9_007,9,Essen,COU_9_0878,Courier_COU_9_0878,rude_courier,"Auto-generated complaint note",cancelled,late,32,12.88,1,1
bab29ae7-c1f8-11f0-8e3d-489ebd4daa67,980703cd-c1f8-11f0-8e3d-489ebd4daa67,CUS_9_00037,RST_9_007,9,Essen,COU_9_0878,Courier_COU_9_0878,missing_item,"Auto-generated complaint note",failed,None,44,13.11,1,0
bab29bd6-c1f8-11f0-8e3d-489ebd4daa67,980707b1-c1f8-11f0-8e3d-489ebd4daa67,CUS_9_00063,RST_9_007,9,Essen,COU_9_0878,Courier_COU_9_0878,missing_item,"Auto-generated complaint note",returned,None,36,38.94,1,0
bab29d34-c1f8-11f0-8e3d-489ebd4daa67,98071169-c1f8-11f0-8e3d-489ebd4daa67,CUS_9_00087,RST_9_007,9,Essen,COU_9_0878,Courier_COU_9_0878,rude_courier,"Auto-generated complaint note",delivered,None,35,35.79,1,0
bab29dd3-c1f8-11f0-8e3d-489ebd4daa67,98071250-c1f8-11f0-8e3d-489ebd4daa67,CUS_9_00072,RST_9_007,9,Essen,COU_9_0878,Courier_COU_9_0878,rude_courier,"Auto-generated complaint note",delivered,None,42,32.72,1,0
bab29ef4-c1f8-11f0-8e3d-489ebd4daa67,9807187c-c1f8-11f0-8e3d-489ebd4daa67,CUS_9_00069,RST_9_007,9,Essen,COU_9_0878,Courier_COU_9_0878,late_delivery,"Auto-generated complaint note",cancelled,None,46,26.4,1,1
bab29fea-c1f8-11f0-8e3d-489ebd4daa67,98071cd7-c1f8-11f0-8e3d-489ebd4daa67,CUS_9_00004,RST_9_007,9,Essen,COU_9_0878,Courier_COU_9_0878,rude_courier,"Auto-generated complaint note",delivered,None,37,36.34,1,0
bab2a0e1-c1f8-11f0-8e3d-489ebd4daa67,980721a2-c1f8-11f0-8e3d-489ebd4daa67,CUS_9_00051,RST_9_007,9,Essen,COU_9_0878,Courier_COU_9_0878,rude_courier,"Auto-generated complaint note",returned,None,36,43.78,1,0
bab2a1c5-c1f8-11f0-8e3d-489ebd4daa67,98072362-c1f8-11f0-8e3d-489ebd4daa67,CUS_9_00035,RST_9_007,9,Essen,COU_9_0878,Courier_COU_9_0878,late_delivery,"Auto-generated complaint note",cancelled,None,49,14.77,1,1
bab2a288-c1f8-11f0-8e3d-489ebd4daa67,980725c2-c1f8-11f0-8e3d-489ebd4daa67,CUS_9_00061,RST_9_007,9,Essen,COU_9_0878,Courier_COU_9_0878,missing_item,"Auto-generated complaint note",returned,None,42,22.02,1,0
bab2a321-c1f8-11f0-8e3d-489ebd4daa67,980726a5-c1f8-11f0-8e3d-489ebd4daa67,CUS_9_00098,RST_9_007,9,Essen,COU_9_0878,Courier_COU_9_0878,late_delivery,"Auto-generated complaint note",cancelled,None,42,32.08,1,1
bab2a40e-c1f8-11f0-8e3d-489ebd4daa67,98072b2e-c1f8-11f0-8e3d-489ebd4daa67,CUS_9_00047,RST_9_007,9,Essen,COU_9_0878,Courier_COU_9_0878,missing_item,"Auto-generated complaint note",failed,None,45,13.08,1,0
bab2a4ae-c1f8-11f0-8e3d-489ebd4daa67,98072c85-c1f8-11f0-8e3d-489ebd4daa67,CUS_9_00091,RST_9_007,9,Essen,COU_9_0878,Courier_COU_9_0878,missing_item,"Auto-generated complaint note",delivered,None,45,23.75,1,0
bab2a5a3-c1f8-11f0-8e3d-489ebd4daa67,98073159-c1f8-11f0-8e3d-489ebd4daa67,CUS_9_00057,RST_9_007,9,Essen,COU_9_0878,Courier_COU_9_0878,late_delivery,"Auto-generated complaint note",delivered,None,30,33.13,1,0
bab2a677-c1f8-11f0-8e3d-489ebd4daa67,98073467-c1f8-11f0-8e3d-489ebd4daa67,CUS_9_00078,RST_9_007,9,Essen,COU_9_0878,Courier_COU_9_0878,missing_item,"Auto-generated complaint note",delivered,None,34,34.48,1,0
bab2a768-c1f8-11f0-8e3d-489ebd4daa67,980738c7-c1f8-11f0-8e3d-489ebd4daa67,CUS_9_00031,RST_9_007,9,Essen,COU_9_0878,Courier_COU_9_0878,missing_item,"Auto-generated complaint note",failed,None,34,31.34,1,0
bab2a8ac-c1f8-11f0-8e3d-489ebd4daa67,98073da0-c1f8-11f0-8e3d-489ebd4daa67,CUS_9_00011,RST_9_007,9,Essen,COU_9_0878,Courier_COU_9_0878,late_delivery,"Auto-generated complaint note",returned,None,45,36.98,1,0
bab2a9bd-c1f8-11f0-8e3d-489ebd4daa67,980740b4-c1f8-11f0-8e3d-489ebd4daa67,CUS_9_00018,RST_9_007,9,Essen,COU_9_0878,Courier_COU_9_0878,missing_item,"Auto-generated complaint note",cancelled,None,42,45.71,1,1
bab2ab16-c1f8-11f0-8e3d-489ebd4daa67,9807458f-c1f8-11f0-8e3d-489ebd4daa67,CUS_9_00074,RST_9_007,9,Essen,COU_9_0878,Courier_COU_9_0878,missing_item,"Auto-generated complaint note",failed,None,44,14.99,1,0
bab2abf4-c1f8-11f0-8e3d-489ebd4daa67,98074603-c1f8-11f0-8e3d-489ebd4daa67,CUS_9_00068,RST_9_007,9,Essen,COU_9_0878,Courier_COU_9_0878,missing_item,"Auto-generated complaint note",failed,None,31,24.29,1,0
bab2af52-c1f8-11f0-8e3d-489ebd4daa67,9807504d-c1f8-11f0-8e3d-489ebd4daa67,CUS_9_00075,RST_9_007,9,Essen,COU_9_0878,Courier_COU_9_0878,rude_courier,"Auto-generated complaint note",failed,None,45,37.68,1,0
bab2b0dc-c1f8-11f0-8e3d-489ebd4daa67,9807557d-c1f8-11f0-8e3d-489ebd4daa67,CUS_9_00063,RST_9_007,9,Essen,COU_9_0878,Courier_COU_9_0878,rude_courier,"Auto-generated complaint note",cancelled,None,34,22.2,1,1
bab2b1cb-c1f8-11f0-8e3d-489ebd4daa67,980756cb-c1f8-11f0-8e3d-489ebd4daa67,CUS_9_00015,RST_9_007,9,Essen,COU_9_0878,Courier_COU_9_0878,missing_item,"Auto-generated complaint note",returned,wrong_item,31,8.42,1,0
bab2b44b-c1f8-11f0-8e3d-489ebd4daa67,980765b5-c1f8-11f0-8e3d-489ebd4daa67,CUS_9_00039,RST_9_007,9,Essen,COU_9_0878,Courier_COU_9_0878,rude_courier,"Auto-generated complaint note",returned,None,43,23.16,1,0
bab2b55f-c1f8-11f0-8e3d-489ebd4daa67,9807685c-c1f8-11f0-8e3d-489ebd4daa67,CUS_9_00009,RST_9_007,9,Essen,COU_9_0878,Courier_COU_9_0878,missing_item,"Auto-generated complaint note",failed,None,41,11.65,1,0
bab2b661-c1f8-11f0-8e3d-489ebd4daa67,98076a86-c1f8-11f0-8e3d-489ebd4daa67,CUS_9_00054,RST_9_007,9,Essen,COU_9_0878,Courier_COU_9_0878,missing_item,"Auto-generated complaint note",returned,None,37,29.58,1,0
bab2b71c-c1f8-11f0-8e3d-489ebd4daa67,98076b67-c1f8-11f0-8e3d-489ebd4daa67,CUS_9_00068,RST_9_007,9,Essen,COU_9_0878,Courier_COU_9_0878,rude_courier,"Auto-generated complaint note",cancelled,None,39,29,1,1
bab2b8c9-c1f8-11f0-8e3d-489ebd4daa67,98077614-c1f8-11f0-8e3d-489ebd4daa67,CUS_9_00016,RST_9_007,9,Essen,COU_9_0878,Courier_COU_9_0878,late_delivery,"Auto-generated complaint note",failed,None,49,47.78,1,0
bab2ba6c-c1f8-11f0-8e3d-489ebd4daa67,98077c73-c1f8-11f0-8e3d-489ebd4daa67,CUS_9_00003,RST_9_007,9,Essen,COU_9_0878,Courier_COU_9_0878,rude_courier,"Auto-generated complaint note",returned,None,48,47.52,1,0
bab2bb4f-c1f8-11f0-8e3d-489ebd4daa67,980780f0-c1f8-11f0-8e3d-489ebd4daa67,CUS_9_00066,RST_9_007,9,Essen,COU_9_0878,Courier_COU_9_0878,rude_courier,"Auto-generated complaint note",cancelled,None,31,14.69,1,1
bab2bc89-c1f8-11f0-8e3d-489ebd4daa67,980782ad-c1f8-11f0-8e3d-489ebd4daa67,CUS_9_00013,RST_9_007,9,Essen,COU_9_0878,Courier_COU_9_0878,missing_item,"Auto-generated complaint note",cancelled,None,34,13.6,1,1
bab2bd74-c1f8-11f0-8e3d-489ebd4daa67,9807831e-c1f8-11f0-8e3d-489ebd4daa67,CUS_9_00078,RST_9_007,9,Essen,COU_9_0878,Courier_COU_9_0878,missing_item,"Auto-generated complaint note",returned,None,46,23.94,1,0
bab2be8f-c1f8-11f0-8e3d-489ebd4daa67,98078728-c1f8-11f0-8e3d-489ebd4daa67,CUS_9_00072,RST_9_007,9,Essen,COU_9_0878,Courier_COU_9_0878,missing_item,"Auto-generated complaint note",cancelled,None,38,30.43,1,1
bab2bf54-c1f8-11f0-8e3d-489ebd4daa67,98078877-c1f8-11f0-8e3d-489ebd4daa67,CUS_9_00020,RST_9_007,9,Essen,COU_9_0878,Courier_COU_9_0878,rude_courier,"Auto-generated complaint note",delivered,None,43,10.9,1,0
bab2c025-c1f8-11f0-8e3d-489ebd4daa67,980790c6-c1f8-11f0-8e3d-489ebd4daa67,CUS_9_00008,RST_9_007,9,Essen,COU_9_0878,Courier_COU_9_0878,rude_courier,"Auto-generated complaint note",returned,None,35,46.71,1,0
bab2c08e-c1f8-11f0-8e3d-489ebd4daa67,9807921c-c1f8-11f0-8e3d-489ebd4daa67,CUS_9_00079,RST_9_007,9,Essen,COU_9_0878,Courier_COU_9_0878,late_delivery,"Auto-generated complaint note",returned,None,47,28.71,1,0
bab2c0e5-c1f8-11f0-8e3d-489ebd4daa67,9807928b-c1f8-11f0-8e3d-489ebd4daa67,CUS_9_00004,RST_9_007,9,Essen,COU_9_0878,Courier_COU_9_0878,late_delivery,"Auto-generated complaint note",failed,None,32,14.2,1,0
bab2c14a-c1f8-11f0-8e3d-489ebd4daa67,980792fd-c1f8-11f0-8e3d-489ebd4daa67,CUS_9_00097,RST_9_007,9,Essen,COU_9_0878,Courier_COU_9_0878,rude_courier,"Auto-generated complaint note",delivered,None,47,19.51,1,0
bab2c1c5-c1f8-11f0-8e3d-489ebd4daa67,98079613-c1f8-11f0-8e3d-489ebd4daa67,CUS_9_00038,RST_9_007,9,Essen,COU_9_0878,Courier_COU_9_0878,missing_item,"Auto-generated complaint note",cancelled,None,43,8.73,1,1
bab2c296-c1f8-11f0-8e3d-489ebd4daa67,98079a6c-c1f8-11f0-8e3d-489ebd4daa67,CUS_9_00042,RST_9_007,9,Essen,COU_9_0878,Courier_COU_9_0878,missing_item,"Auto-generated complaint note",delivered,None,40,36,1,0
bab2c5d2-c1f8-11f0-8e3d-489ebd4daa67,9807ac4e-c1f8-11f0-8e3d-489ebd4daa67,CUS_9_00077,RST_9_007,9,Essen,COU_9_0878,Courier_COU_9_0878,rude_courier,"Auto-generated complaint note",cancelled,None,35,10.46,1,1
bab2c705-c1f8-11f0-8e3d-489ebd4daa67,9807acc2-c1f8-11f0-8e3d-489ebd4daa67,CUS_9_00025,RST_9_007,9,Essen,COU_9_0878,Courier_COU_9_0878,late_delivery,"Auto-generated complaint note",delivered,None,36,46.2,1,0
bab2c81a-c1f8-11f0-8e3d-489ebd4daa67,9807af3e-c1f8-11f0-8e3d-489ebd4daa67,CUS_9_00031,RST_9_007,9,Essen,COU_9_0878,Courier_COU_9_0878,missing_item,"Auto-generated complaint note",returned,None,46,20.05,1,0
bab2c925-c1f8-11f0-8e3d-489ebd4daa67,9807b16f-c1f8-11f0-8e3d-489ebd4daa67,CUS_9_00071,RST_9_007,9,Essen,COU_9_0878,Courier_COU_9_0878,late_delivery,"Auto-generated complaint note",returned,None,48,14.84,1,0
bab2caff-c1f8-11f0-8e3d-489ebd4daa67,9807b956-c1f8-11f0-8e3d-489ebd4daa67,CUS_9_00097,RST_9_007,9,Essen,COU_9_0878,Courier_COU_9_0878,missing_item,"Auto-generated complaint note",failed,None,35,25.46,1,0
bab2cbfa-c1f8-11f0-8e3d-489ebd4daa67,9807b9c3-c1f8-11f0-8e3d-489ebd4daa67,CUS_9_00093,RST_9_007,9,Essen,COU_9_0878,Courier_COU_9_0878,rude_courier,"Auto-generated complaint note",delivered,None,30,40.51,1,0
bab2ccf6-c1f8-11f0-8e3d-489ebd4daa67,9807baa3-c1f8-11f0-8e3d-489ebd4daa67,CUS_9_00074,RST_9_007,9,Essen,COU_9_0878,Courier_COU_9_0878,rude_courier,"Auto-generated complaint note",failed,None,30,40.6,1,0
bab2ce5b-c1f8-11f0-8e3d-489ebd4daa67,9807bf06-c1f8-11f0-8e3d-489ebd4daa67,CUS_9_00050,RST_9_007,9,Essen,COU_9_0878,Courier_COU_9_0878,late_delivery,"Auto-generated complaint note",failed,None,45,21.93,1,0
bab2cf49-c1f8-11f0-8e3d-489ebd4daa67,9807bfe5-c1f8-11f0-8e3d-489ebd4daa67,CUS_9_00005,RST_9_007,9,Essen,COU_9_0878,Courier_COU_9_0878,late_delivery,"Auto-generated complaint note",delivered,None,36,25.39,1,0
bab2d05d-c1f8-11f0-8e3d-489ebd4daa67,9807c2a0-c1f8-11f0-8e3d-489ebd4daa67,CUS_9_00045,RST_9_007,9,Essen,COU_9_0878,Courier_COU_9_0878,rude_courier,"Auto-generated complaint note",returned,None,35,14.54,1,0
bab2d1fd-c1f8-11f0-8e3d-489ebd4daa67,9807c850-c1f8-11f0-8e3d-489ebd4daa67,CUS_9_00049,RST_9_007,9,Essen,COU_9_0878,Courier_COU_9_0878,rude_courier,"Auto-generated complaint note",failed,None,37,23,1,0
bab2d2c8-c1f8-11f0-8e3d-489ebd4daa67,9807ca7b-c1f8-11f0-8e3d-489ebd4daa67,CUS_9_00027,RST_9_007,9,Essen,COU_9_0878,Courier_COU_9_0878,late_delivery,"Auto-generated complaint note",delivered,None,34,13.68,1,0
bab2d355-c1f8-11f0-8e3d-489ebd4daa67,9807cd21-c1f8-11f0-8e3d-489ebd4daa67,CUS_9_00085,RST_9_007,9,Essen,COU_9_0878,Courier_COU_9_0878,missing_item,"Auto-generated complaint note",cancelled,None,37,38.02,1,1
bab2d3ef-c1f8-11f0-8e3d-489ebd4daa67,9807d0d0-c1f8-11f0-8e3d-489ebd4daa67,CUS_9_00086,RST_9_007,9,Essen,COU_9_0878,Courier_COU_9_0878,rude_courier,"Auto-generated complaint note",failed,None,32,44.2,1,0
bab2d587-c1f8-11f0-8e3d-489ebd4daa67,9807dd59-c1f8-11f0-8e3d-489ebd4daa67,CUS_9_00064,RST_9_007,9,Essen,COU_9_0878,Courier_COU_9_0878,missing_item,"Auto-generated complaint note",delivered,None,40,19.65,1,0
bab2d692-c1f8-11f0-8e3d-489ebd4daa67,9807e033-c1f8-11f0-8e3d-489ebd4daa67,CUS_9_00079,RST_9_007,9,Essen,COU_9_0878,Courier_COU_9_0878,missing_item,"Auto-generated complaint note",delivered,None,34,45.84,1,0
bab2d77c-c1f8-11f0-8e3d-489ebd4daa67,9807e2af-c1f8-11f0-8e3d-489ebd4daa67,CUS_9_00074,RST_9_007,9,Essen,COU_9_0878,Courier_COU_9_0878,late_delivery,"Auto-generated complaint note",returned,None,34,29.65,1,0
bab2d82e-c1f8-11f0-8e3d-489ebd4daa67,9807e320-c1f8-11f0-8e3d-489ebd4daa67,CUS_9_00068,RST_9_007,9,Essen,COU_9_0878,Courier_COU_9_0878,rude_courier,"Auto-generated complaint note",cancelled,None,33,47.59,1,1
bab2d8b2-c1f8-11f0-8e3d-489ebd4daa67,9807e5bf-c1f8-11f0-8e3d-489ebd4daa67,CUS_9_00051,RST_9_007,9,Essen,COU_9_0878,Courier_COU_9_0878,late_delivery,"Auto-generated complaint note",failed,None,38,15.61,1,0
bab2d925-c1f8-11f0-8e3d-489ebd4daa67,9807e781-c1f8-11f0-8e3d-489ebd4daa67,CUS_9_00035,RST_9_007,9,Essen,COU_9_0878,Courier_COU_9_0878,missing_item,"Auto-generated complaint note",returned,None,47,18.7,1,0
bab2d9aa-c1f8-11f0-8e3d-489ebd4daa67,9807eb1b-c1f8-11f0-8e3d-489ebd4daa67,CUS_9_00029,RST_9_007,9,Essen,COU_9_0878,Courier_COU_9_0878,late_delivery,"Auto-generated complaint note",returned,None,40,47.91,1,0
bab2da47-c1f8-11f0-8e3d-489ebd4daa67,9807ef05-c1f8-11f0-8e3d-489ebd4daa67,CUS_9_00043,RST_9_007,9,Essen,COU_9_0878,Courier_COU_9_0878,rude_courier,"Auto-generated complaint note",failed,None,37,27.11,1,0
bab2daba-c1f8-11f0-8e3d-489ebd4daa67,9807f135-c1f8-11f0-8e3d-489ebd4daa67,CUS_9_00003,RST_9_007,9,Essen,COU_9_0878,Courier_COU_9_0878,missing_item,"Auto-generated complaint note",delivered,None,30,13.73,1,0
bab2db14-c1f8-11f0-8e3d-489ebd4daa67,9807f1a6-c1f8-11f0-8e3d-489ebd4daa67,CUS_9_00090,RST_9_007,9,Essen,COU_9_0878,Courier_COU_9_0878,late_delivery,"Auto-generated complaint note",returned,None,36,20.24,1,0
bab2db6b-c1f8-11f0-8e3d-489ebd4daa67,9807f214-c1f8-11f0-8e3d-489ebd4daa67,CUS_9_00063,RST_9_007,9,Essen,COU_9_0878,Courier_COU_9_0878,missing_item,"Auto-generated complaint note",cancelled,None,48,33.21,1,1
bab2dbe2-c1f8-11f0-8e3d-489ebd4daa67,9807f447-c1f8-11f0-8e3d-489ebd4daa67,CUS_9_00010,RST_9_007,9,Essen,COU_9_0878,Courier_COU_9_0878,rude_courier,"Auto-generated complaint note",returned,None,39,24.14,1,0
bab2de39-c1f8-11f0-8e3d-489ebd4daa67,980801cc-c1f8-11f0-8e3d-489ebd4daa67,CUS_9_00053,RST_9_007,9,Essen,COU_9_0878,Courier_COU_9_0878,late_delivery,"Auto-generated complaint note",returned,None,46,43.04,1,0
bab2df63-c1f8-11f0-8e3d-489ebd4daa67,9808030f-c1f8-11f0-8e3d-489ebd4daa67,CUS_9_00069,RST_9_007,9,Essen,COU_9_0878,Courier_COU_9_0878,rude_courier,"Auto-generated complaint note",failed,None,31,27.5,1,0
bab2e021-c1f8-11f0-8e3d-489ebd4daa67,980807e8-c1f8-11f0-8e3d-489ebd4daa67,CUS_9_00004,RST_9_007,9,Essen,COU_9_0878,Courier_COU_9_0878,late_delivery,"Auto-generated complaint note",returned,None,43,17.02,1,0
bab2e0be-c1f8-11f0-8e3d-489ebd4daa67,98080bc3-c1f8-11f0-8e3d-489ebd4daa67,CUS_9_00094,RST_9_007,9,Essen,COU_9_0878,Courier_COU_9_0878,rude_courier,"Auto-generated complaint note",returned,None,30,8.19,1,0
bab2e169-c1f8-11f0-8e3d-489ebd4daa67,98081177-c1f8-11f0-8e3d-489ebd4daa67,CUS_9_00045,RST_9_007,9,Essen,COU_9_0878,Courier_COU_9_0878,late_delivery,"Auto-generated complaint note",returned,None,49,40.04,1,0
bab2e1e1-c1f8-11f0-8e3d-489ebd4daa67,980813fe-c1f8-11f0-8e3d-489ebd4daa67,CUS_9_00075,RST_9_007,9,Essen,COU_9_0878,Courier_COU_9_0878,missing_item,"Auto-generated complaint note",returned,None,39,29.25,1,0
bab2e24c-c1f8-11f0-8e3d-489ebd4daa67,980815b8-c1f8-11f0-8e3d-489ebd4daa67,CUS_9_00047,RST_9_007,9,Essen,COU_9_0878,Courier_COU_9_0878,missing_item,"Auto-generated complaint note",delivered,None,44,8.19,1,0
bab2e324-c1f8-11f0-8e3d-489ebd4daa67,98081e71-c1f8-11f0-8e3d-489ebd4daa67,CUS_9_00034,RST_9_007,9,Essen,COU_9_0878,Courier_COU_9_0878,late_delivery,"Auto-generated complaint note",delivered,None,44,24.41,1,0
bab2e390-c1f8-11f0-8e3d-489ebd4daa67,98082029-c1f8-11f0-8e3d-489ebd4daa67,CUS_9_00021,RST_9_007,9,Essen,COU_9_0878,Courier_COU_9_0878,missing_item,"Auto-generated complaint note",failed,customer_cancel,44,36.31,1,0
bab2e50a-c1f8-11f0-8e3d-489ebd4daa67,980828f0-c1f8-11f0-8e3d-489ebd4daa67,CUS_9_00095,RST_9_007,9,Essen,COU_9_0878,Courier_COU_9_0878,missing_item,"Auto-generated complaint note",delivered,None,41,25.77,1,0
bab2e641-c1f8-11f0-8e3d-489ebd4daa67,98082b3f-c1f8-11f0-8e3d-489ebd4daa67,CUS_9_00039,RST_9_007,9,Essen,COU_9_0878,Courier_COU_9_0878,rude_courier,"Auto-generated complaint note",failed,None,31,40.08,1,0
bab2e7f0-c1f8-11f0-8e3d-489ebd4daa67,98083319-c1f8-11f0-8e3d-489ebd4daa67,CUS_9_00084,RST_9_007,9,Essen,COU_9_0878,Courier_COU_9_0878,rude_courier,"Auto-generated complaint note",returned,None,40,23.38,1,0
bab2e8ff-c1f8-11f0-8e3d-489ebd4daa67,98083687-c1f8-11f0-8e3d-489ebd4daa67,CUS_9_00005,RST_9_007,9,Essen,COU_9_0878,Courier_COU_9_0878,missing_item,"Auto-generated complaint note",cancelled,None,47,14.17,1,1
bab2e9ec-c1f8-11f0-8e3d-489ebd4daa67,98083a5f-c1f8-11f0-8e3d-489ebd4daa67,CUS_9_00016,RST_9_007,9,Essen,COU_9_0878,Courier_COU_9_0878,missing_item,"Auto-generated complaint note",cancelled,None,48,44.61,1,1
bab2eadb-c1f8-11f0-8e3d-489ebd4daa67,98083ea4-c1f8-11f0-8e3d-489ebd4daa67,CUS_9_00049,RST_9_007,9,Essen,COU_9_0878,Courier_COU_9_0878,missing_item,"Auto-generated complaint note",returned,None,39,22.4,1,0
bab2ebbd-c1f8-11f0-8e3d-489ebd4daa67,98084271-c1f8-11f0-8e3d-489ebd4daa67,CUS_9_00010,RST_9_007,9,Essen,COU_9_0878,Courier_COU_9_0878,rude_courier,"Auto-generated complaint note",delivered,None,42,20.21,1,0
bab2eccf-c1f8-11f0-8e3d-489ebd4daa67,98084985-c1f8-11f0-8e3d-489ebd4daa67,CUS_9_00025,RST_9_007,9,Essen,COU_9_0878,Courier_COU_9_0878,missing_item,"Auto-generated complaint note",failed,None,36,35.98,1,0
bab2ed99-c1f8-11f0-8e3d-489ebd4daa67,98084c96-c1f8-11f0-8e3d-489ebd4daa67,CUS_9_00082,RST_9_007,9,Essen,COU_9_0878,Courier_COU_9_0878,missing_item,"Auto-generated complaint note",returned,None,49,21.37,1,0
bab2ef78-c1f8-11f0-8e3d-489ebd4daa67,98085cbf-c1f8-11f0-8e3d-489ebd4daa67,CUS_9_00051,RST_9_007,9,Essen,COU_9_0878,Courier_COU_9_0878,missing_item,"Auto-generated complaint note",delivered,None,42,24.98,1,0
bab2f094-c1f8-11f0-8e3d-489ebd4daa67,980862f7-c1f8-11f0-8e3d-489ebd4daa67,CUS_9_00016,RST_9_007,9,Essen,COU_9_0878,Courier_COU_9_0878,rude_courier,"Auto-generated complaint note",returned,None,31,44.4,1,0
bab2f132-c1f8-11f0-8e3d-489ebd4daa67,98086448-c1f8-11f0-8e3d-489ebd4daa67,CUS_9_00060,RST_9_007,9,Essen,COU_9_0878,Courier_COU_9_0878,rude_courier,"Auto-generated complaint note",returned,None,44,23.98,1,0
bab2f220-c1f8-11f0-8e3d-489ebd4daa67,980868a3-c1f8-11f0-8e3d-489ebd4daa67,CUS_9_00090,RST_9_007,9,Essen,COU_9_0878,Courier_COU_9_0878,late_delivery,"Auto-generated complaint note",cancelled,None,47,47.04,1,1
bab2f32d-c1f8-11f0-8e3d-489ebd4daa67,98086dd4-c1f8-11f0-8e3d-489ebd4daa67,CUS_9_00034,RST_9_007,9,Essen,COU_9_0878,Courier_COU_9_0878,late_delivery,"Auto-generated complaint note",returned,None,45,35.06,1,0
bab2f3d2-c1f8-11f0-8e3d-489ebd4daa67,98086f1e-c1f8-11f0-8e3d-489ebd4daa67,CUS_9_00086,RST_9_007,9,Essen,COU_9_0878,Courier_COU_9_0878,missing_item,"Auto-generated complaint note",returned,None,40,26.71,1,0
bab2f4ee-c1f8-11f0-8e3d-489ebd4daa67,980875aa-c1f8-11f0-8e3d-489ebd4daa67,CUS_9_00071,RST_9_007,9,Essen,COU_9_0878,Courier_COU_9_0878,rude_courier,"Auto-generated complaint note",returned,None,43,34.05,1,0
bab2f5a5-c1f8-11f0-8e3d-489ebd4daa67,98087806-c1f8-11f0-8e3d-489ebd4daa67,CUS_9_00053,RST_9_007,9,Essen,COU_9_0878,Courier_COU_9_0878,missing_item,"Auto-generated complaint note",cancelled,None,32,40.89,1,1
bab2f664-c1f8-11f0-8e3d-489ebd4daa67,98087b62-c1f8-11f0-8e3d-489ebd4daa67,CUS_9_00018,RST_9_007,9,Essen,COU_9_0878,Courier_COU_9_0878,rude_courier,"Auto-generated complaint note",cancelled,None,40,45.53,1,1
bab2f8fe-c1f8-11f0-8e3d-489ebd4daa67,98089140-c1f8-11f0-8e3d-489ebd4daa67,CUS_9_00015,RST_9_007,9,Essen,COU_9_0878,Courier_COU_9_0878,rude_courier,"Auto-generated complaint note",cancelled,late,32,21.35,1,1
bab2f9f5-c1f8-11f0-8e3d-489ebd4daa67,9808958e-c1f8-11f0-8e3d-489ebd4daa67,CUS_9_00078,RST_9_007,9,Essen,COU_9_0878,Courier_COU_9_0878,missing_item,"Auto-generated complaint note",returned,None,36,20.16,1,0
bab2fa97-c1f8-11f0-8e3d-489ebd4daa67,98089667-c1f8-11f0-8e3d-489ebd4daa67,CUS_9_00021,RST_9_007,9,Essen,COU_9_0878,Courier_COU_9_0878,rude_courier,"Auto-generated complaint note",failed,None,39,22.26,1,0
bab2fb34-c1f8-11f0-8e3d-489ebd4daa67,98089745-c1f8-11f0-8e3d-489ebd4daa67,CUS_9_00077,RST_9_007,9,Essen,COU_9_0878,Courier_COU_9_0878,late_delivery,"Auto-generated complaint note",delivered,None,38,42.32,1,0
bab2fbbe-c1f8-11f0-8e3d-489ebd4daa67,980897b2-c1f8-11f0-8e3d-489ebd4daa67,CUS_9_00025,RST_9_007,9,Essen,COU_9_0878,Courier_COU_9_0878,missing_item,"Auto-generated complaint note",delivered,None,30,37.38,1,0
bab2fc6b-c1f8-11f0-8e3d-489ebd4daa67,980899d0-c1f8-11f0-8e3d-489ebd4daa67,CUS_9_00031,RST_9_007,9,Essen,COU_9_0878,Courier_COU_9_0878,rude_courier,"Auto-generated complaint note",returned,None,46,37.06,1,0
bab2fd47-c1f8-11f0-8e3d-489ebd4daa67,98089d3b-c1f8-11f0-8e3d-489ebd4daa67,CUS_9_00058,RST_9_007,9,Essen,COU_9_0878,Courier_COU_9_0878,late_delivery,"Auto-generated complaint note",failed,None,30,17.52,1,0
bab2fe21-c1f8-11f0-8e3d-489ebd4daa67,9808a0a0-c1f8-11f0-8e3d-489ebd4daa67,CUS_9_00018,RST_9_007,9,Essen,COU_9_0878,Courier_COU_9_0878,rude_courier,"Auto-generated complaint note",returned,None,43,31.86,1,0
bab2ff53-c1f8-11f0-8e3d-489ebd4daa67,9808a7be-c1f8-11f0-8e3d-489ebd4daa67,CUS_9_00094,RST_9_007,9,Essen,COU_9_0878,Courier_COU_9_0878,missing_item,"Auto-generated complaint note",returned,None,30,12.59,1,0
bab2ffef-c1f8-11f0-8e3d-489ebd4daa67,9808a897-c1f8-11f0-8e3d-489ebd4daa67,CUS_9_00051,RST_9_007,9,Essen,COU_9_0878,Courier_COU_9_0878,late_delivery,"Auto-generated complaint note",cancelled,late,44,16.62,1,1
bab3016a-c1f8-11f0-8e3d-489ebd4daa67,9808b35d-c1f8-11f0-8e3d-489ebd4daa67,CUS_9_00091,RST_9_007,9,Essen,COU_9_0878,Courier_COU_9_0878,late_delivery,"Auto-generated complaint note",failed,None,30,35.45,1,0
bab3027d-c1f8-11f0-8e3d-489ebd4daa67,9808b8d9-c1f8-11f0-8e3d-489ebd4daa67,CUS_9_00066,RST_9_007,9,Essen,COU_9_0878,Courier_COU_9_0878,late_delivery,"Auto-generated complaint note",cancelled,None,38,38.6,1,1
bab30396-c1f8-11f0-8e3d-489ebd4daa67,9808becb-c1f8-11f0-8e3d-489ebd4daa67,CUS_9_00065,RST_9_007,9,Essen,COU_9_0878,Courier_COU_9_0878,rude_courier,"Auto-generated complaint note",failed,None,44,33.12,1,0
bab304dc-c1f8-11f0-8e3d-489ebd4daa67,9808c722-c1f8-11f0-8e3d-489ebd4daa67,CUS_9_00064,RST_9_007,9,Essen,COU_9_0878,Courier_COU_9_0878,rude_courier,"Auto-generated complaint note",delivered,wrong_item,42,35.96,1,0
bab30580-c1f8-11f0-8e3d-489ebd4daa67,9808c9fd-c1f8-11f0-8e3d-489ebd4daa67,CUS_9_00008,RST_9_007,9,Essen,COU_9_0878,Courier_COU_9_0878,rude_courier,"Auto-generated complaint note",cancelled,None,37,38.86,1,1
bab30611-c1f8-11f0-8e3d-489ebd4daa67,9808cb89-c1f8-11f0-8e3d-489ebd4daa67,CUS_9_00009,RST_9_007,9,Essen,COU_9_0878,Courier_COU_9_0878,missing_item,"Auto-generated complaint note",delivered,None,35,31.23,1,0
bab306f7-c1f8-11f0-8e3d-489ebd4daa67,9808d0e5-c1f8-11f0-8e3d-489ebd4daa67,CUS_9_00084,RST_9_007,9,Essen,COU_9_0878,Courier_COU_9_0878,late_delivery,"Auto-generated complaint note",delivered,None,47,13.76,1,0
bab307f9-c1f8-11f0-8e3d-489ebd4daa67,9808db15-c1f8-11f0-8e3d-489ebd4daa67,CUS_9_00042,RST_9_007,9,Essen,COU_9_0878,Courier_COU_9_0878,late_delivery,"Auto-generated complaint note",returned,None,40,32.31,1,0
bab308b1-c1f8-11f0-8e3d-489ebd4daa67,9808ddb2-c1f8-11f0-8e3d-489ebd4daa67,CUS_9_00045,RST_9_007,9,Essen,COU_9_0878,Courier_COU_9_0878,late_delivery,"Auto-generated complaint note",failed,None,40,42.17,1,0
bab30b19-c1f8-11f0-8e3d-489ebd4daa67,9808f90d-c1f8-11f0-8e3d-489ebd4daa67,CUS_9_00025,RST_9_007,9,Essen,COU_9_0878,Courier_COU_9_0878,missing_item,"Auto-generated complaint note",returned,None,34,36.91,1,0
bab30c4a-c1f8-11f0-8e3d-489ebd4daa67,9809034e-c1f8-11f0-8e3d-489ebd4daa67,CUS_9_00095,RST_9_007,9,Essen,COU_9_0878,Courier_COU_9_0878,missing_item,"Auto-generated complaint note",returned,None,34,12.11,1,0
bab30ce2-c1f8-11f0-8e3d-489ebd4daa67,980903bb-c1f8-11f0-8e3d-489ebd4daa67,CUS_9_00053,RST_9_007,9,Essen,COU_9_0878,Courier_COU_9_0878,rude_courier,"Auto-generated complaint note",cancelled,None,37,41.3,1,1
bab30d98-c1f8-11f0-8e3d-489ebd4daa67,98090506-c1f8-11f0-8e3d-489ebd4daa67,CUS_9_00081,RST_9_007,9,Essen,COU_9_0878,Courier_COU_9_0878,rude_courier,"Auto-generated complaint note",cancelled,None,39,16.29,1,1
bab30f50-c1f8-11f0-8e3d-489ebd4daa67,980910cb-c1f8-11f0-8e3d-489ebd4daa67,CUS_9_00094,RST_9_007,9,Essen,COU_9_0878,Courier_COU_9_0878,rude_courier,"Auto-generated complaint note",returned,None,46,21.77,1,0
bab312d6-c1f8-11f0-8e3d-489ebd4daa67,98094747-c1f8-11f0-8e3d-489ebd4daa67,CUS_9_00003,RST_9_007,9,Essen,COU_9_0878,Courier_COU_9_0878,rude_courier,"Auto-generated complaint note",cancelled,None,34,33.26,1,1
bab313e6-c1f8-11f0-8e3d-489ebd4daa67,98094b16-c1f8-11f0-8e3d-489ebd4daa67,CUS_9_00010,RST_9_007,9,Essen,COU_9_0878,Courier_COU_9_0878,rude_courier,"Auto-generated complaint note",cancelled,None,37,17.19,1,1
bab314d4-c1f8-11f0-8e3d-489ebd4daa67,98094ec7-c1f8-11f0-8e3d-489ebd4daa67,CUS_9_00013,RST_9_007,9,Essen,COU_9_0878,Courier_COU_9_0878,missing_item,"Auto-generated complaint note",failed,None,49,12.68,1,0
bab315b6-c1f8-11f0-8e3d-489ebd4daa67,98095083-c1f8-11f0-8e3d-489ebd4daa67,CUS_9_00052,RST_9_007,9,Essen,COU_9_0878,Courier_COU_9_0878,late_delivery,"Auto-generated complaint note",delivered,None,39,46.16,1,0
bab316c3-c1f8-11f0-8e3d-489ebd4daa67,98095391-c1f8-11f0-8e3d-489ebd4daa67,CUS_1_00033,RST_1_011,1,Berlin,COU_1_0871,Courier_COU_1_0871,missing_item,"Auto-generated complaint note",returned,None,33,17.19,1,0
bab317df-c1f8-11f0-8e3d-489ebd4daa67,9809596f-c1f8-11f0-8e3d-489ebd4daa67,CUS_1_00011,RST_1_011,1,Berlin,COU_1_0871,Courier_COU_1_0871,missing_item,"Auto-generated complaint note",failed,None,32,29.48,1,0
bab3192c-c1f8-11f0-8e3d-489ebd4daa67,98095dc8-c1f8-11f0-8e3d-489ebd4daa67,CUS_1_00005,RST_1_011,1,Berlin,COU_1_0871,Courier_COU_1_0871,rude_courier,"Auto-generated complaint note",cancelled,None,39,38.19,1,1
bab31a62-c1f8-11f0-8e3d-489ebd4daa67,98095e39-c1f8-11f0-8e3d-489ebd4daa67,CUS_1_00058,RST_1_011,1,Berlin,COU_1_0871,Courier_COU_1_0871,missing_item,"Auto-generated complaint note",returned,late,41,32.83,1,0
bab31ba4-c1f8-11f0-8e3d-489ebd4daa67,9809614f-c1f8-11f0-8e3d-489ebd4daa67,CUS_1_00007,RST_1_011,1,Berlin,COU_1_0871,Courier_COU_1_0871,late_delivery,"Auto-generated complaint note",failed,None,44,40.77,1,0
bab31d1e-c1f8-11f0-8e3d-489ebd4daa67,9809660f-c1f8-11f0-8e3d-489ebd4daa67,CUS_1_00065,RST_1_011,1,Berlin,COU_1_0871,Courier_COU_1_0871,missing_item,"Auto-generated complaint note",cancelled,None,43,25.1,1,1
bab31e2b-c1f8-11f0-8e3d-489ebd4daa67,980966f3-c1f8-11f0-8e3d-489ebd4daa67,CUS_1_00092,RST_1_011,1,Berlin,COU_1_0871,Courier_COU_1_0871,rude_courier,"Auto-generated complaint note",cancelled,None,34,9,1,1
bab3207f-c1f8-11f0-8e3d-489ebd4daa67,980972b4-c1f8-11f0-8e3d-489ebd4daa67,CUS_1_00024,RST_1_011,1,Berlin,COU_1_0871,Courier_COU_1_0871,missing_item,"Auto-generated complaint note",returned,late,31,11.2,1,0
bab321cb-c1f8-11f0-8e3d-489ebd4daa67,98097555-c1f8-11f0-8e3d-489ebd4daa67,CUS_1_00071,RST_1_011,1,Berlin,COU_1_0871,Courier_COU_1_0871,late_delivery,"Auto-generated complaint note",cancelled,None,27,20.62,1,1
bab322f1-c1f8-11f0-8e3d-489ebd4daa67,980977f5-c1f8-11f0-8e3d-489ebd4daa67,CUS_1_00072,RST_1_011,1,Berlin,COU_1_0871,Courier_COU_1_0871,late_delivery,"Auto-generated complaint note",cancelled,None,28,11.19,1,1
bab326e5-c1f8-11f0-8e3d-489ebd4daa67,98099221-c1f8-11f0-8e3d-489ebd4daa67,CUS_1_00091,RST_1_011,1,Berlin,COU_1_0871,Courier_COU_1_0871,rude_courier,"Auto-generated complaint note",cancelled,None,32,25.14,1,1
bab3281c-c1f8-11f0-8e3d-489ebd4daa67,9809945f-c1f8-11f0-8e3d-489ebd4daa67,CUS_1_00067,RST_1_011,1,Berlin,COU_1_0871,Courier_COU_1_0871,late_delivery,"Auto-generated complaint note",cancelled,None,25,18.71,1,1
bab3294e-c1f8-11f0-8e3d-489ebd4daa67,98099770-c1f8-11f0-8e3d-489ebd4daa67,CUS_1_00055,RST_1_011,1,Berlin,COU_1_0871,Courier_COU_1_0871,late_delivery,"Auto-generated complaint note",returned,None,34,10.93,1,0
bab32a86-c1f8-11f0-8e3d-489ebd4daa67,98099b2d-c1f8-11f0-8e3d-489ebd4daa67,CUS_1_00080,RST_1_011,1,Berlin,COU_1_0871,Courier_COU_1_0871,rude_courier,"Auto-generated complaint note",returned,wrong_item,38,29.86,1,0
bab32b9c-c1f8-11f0-8e3d-489ebd4daa67,98099d57-c1f8-11f0-8e3d-489ebd4daa67,CUS_1_00036,RST_1_011,1,Berlin,COU_1_0871,Courier_COU_1_0871,late_delivery,"Auto-generated complaint note",returned,None,42,20.69,1,0
bab32cc1-c1f8-11f0-8e3d-489ebd4daa67,9809a05c-c1f8-11f0-8e3d-489ebd4daa67,CUS_1_00017,RST_1_011,1,Berlin,COU_1_0871,Courier_COU_1_0871,late_delivery,"Auto-generated complaint note",failed,None,40,38.62,1,0
bab32dd6-c1f8-11f0-8e3d-489ebd4daa67,9809a280-c1f8-11f0-8e3d-489ebd4daa67,CUS_1_00013,RST_1_011,1,Berlin,COU_1_0871,Courier_COU_1_0871,late_delivery,"Auto-generated complaint note",failed,None,25,22,1,0
bab32eed-c1f8-11f0-8e3d-489ebd4daa67,9809a35f-c1f8-11f0-8e3d-489ebd4daa67,CUS_1_00015,RST_1_011,1,Berlin,COU_1_0871,Courier_COU_1_0871,missing_item,"Auto-generated complaint note",failed,None,31,28.9,1,0
bab33167-c1f8-11f0-8e3d-489ebd4daa67,9809b266-c1f8-11f0-8e3d-489ebd4daa67,CUS_1_00086,RST_1_011,1,Berlin,COU_1_0871,Courier_COU_1_0871,rude_courier,"Auto-generated complaint note",failed,None,41,15.68,1,0
bab33302-c1f8-11f0-8e3d-489ebd4daa67,9809b871-c1f8-11f0-8e3d-489ebd4daa67,CUS_1_00099,RST_1_011,1,Berlin,COU_1_0871,Courier_COU_1_0871,rude_courier,"Auto-generated complaint note",failed,None,42,41.13,1,0
bab333ce-c1f8-11f0-8e3d-489ebd4daa67,9809b94d-c1f8-11f0-8e3d-489ebd4daa67,CUS_1_00030,RST_1_011,1,Berlin,COU_1_0871,Courier_COU_1_0871,late_delivery,"Auto-generated complaint note",failed,None,33,35,1,0
bab33498-c1f8-11f0-8e3d-489ebd4daa67,9809b9bb-c1f8-11f0-8e3d-489ebd4daa67,CUS_1_00092,RST_1_011,1,Berlin,COU_1_0871,Courier_COU_1_0871,missing_item,"Auto-generated complaint note",returned,None,44,8.13,1,0
bab335fc-c1f8-11f0-8e3d-489ebd4daa67,9809bfe7-c1f8-11f0-8e3d-489ebd4daa67,CUS_1_00098,RST_1_011,1,Berlin,COU_1_0871,Courier_COU_1_0871,missing_item,"Auto-generated complaint note",failed,None,35,14.48,1,0
bab3373f-c1f8-11f0-8e3d-489ebd4daa67,9809c464-c1f8-11f0-8e3d-489ebd4daa67,CUS_1_00090,RST_1_011,1,Berlin,COU_1_0871,Courier_COU_1_0871,rude_courier,"Auto-generated complaint note",cancelled,None,30,40.4,1,1
bab33903-c1f8-11f0-8e3d-489ebd4daa67,9809ccd9-c1f8-11f0-8e3d-489ebd4daa67,CUS_1_00018,RST_1_011,1,Berlin,COU_1_0871,Courier_COU_1_0871,late_delivery,"Auto-generated complaint note",failed,None,43,35.1,1,0
bab33a2b-c1f8-11f0-8e3d-489ebd4daa67,9809cfd3-c1f8-11f0-8e3d-489ebd4daa67,CUS_1_00061,RST_1_011,1,Berlin,COU_1_0871,Courier_COU_1_0871,rude_courier,"Auto-generated complaint note",failed,None,26,8.31,1,0
bab33b0b-c1f8-11f0-8e3d-489ebd4daa67,9809d274-c1f8-11f0-8e3d-489ebd4daa67,CUS_1_00046,RST_1_011,1,Berlin,COU_1_0871,Courier_COU_1_0871,missing_item,"Auto-generated complaint note",cancelled,None,26,8.91,1,1
bab33c1f-c1f8-11f0-8e3d-489ebd4daa67,9809d5e1-c1f8-11f0-8e3d-489ebd4daa67,CUS_1_00011,RST_1_011,1,Berlin,COU_1_0871,Courier_COU_1_0871,late_delivery,"Auto-generated complaint note",returned,None,34,27.17,1,0
bab33dde-c1f8-11f0-8e3d-489ebd4daa67,9809ddd2-c1f8-11f0-8e3d-489ebd4daa67,CUS_1_00070,RST_1_011,1,Berlin,COU_1_0871,Courier_COU_1_0871,missing_item,"Auto-generated complaint note",failed,None,38,8.84,1,0
bab33ed3-c1f8-11f0-8e3d-489ebd4daa67,9809df8c-c1f8-11f0-8e3d-489ebd4daa67,CUS_1_00084,RST_1_011,1,Berlin,COU_1_0871,Courier_COU_1_0871,late_delivery,"Auto-generated complaint note",cancelled,None,29,23.04,1,1
bab340f0-c1f8-11f0-8e3d-489ebd4daa67,9809eb5f-c1f8-11f0-8e3d-489ebd4daa67,CUS_1_00004,RST_1_011,1,Berlin,COU_1_0871,Courier_COU_1_0871,late_delivery,"Auto-generated complaint note",failed,None,35,41.64,1,0
bab341de-c1f8-11f0-8e3d-489ebd4daa67,9809ebcc-c1f8-11f0-8e3d-489ebd4daa67,CUS_1_00090,RST_1_011,1,Berlin,COU_1_0871,Courier_COU_1_0871,rude_courier,"Auto-generated complaint note",returned,late,31,8.72,1,0
bab342cc-c1f8-11f0-8e3d-489ebd4daa67,9809edce-c1f8-11f0-8e3d-489ebd4daa67,CUS_1_00096,RST_1_011,1,Berlin,COU_1_0871,Courier_COU_1_0871,missing_item,"Auto-generated complaint note",delivered,None,41,43.63,1,0
bab343f2-c1f8-11f0-8e3d-489ebd4daa67,9809f17f-c1f8-11f0-8e3d-489ebd4daa67,CUS_1_00049,RST_1_011,1,Berlin,COU_1_0871,Courier_COU_1_0871,rude_courier,"Auto-generated complaint note",failed,None,33,8.83,1,0
bab344e3-c1f8-11f0-8e3d-489ebd4daa67,9809f4cc-c1f8-11f0-8e3d-489ebd4daa67,CUS_1_00072,RST_1_011,1,Berlin,COU_1_0871,Courier_COU_1_0871,late_delivery,"Auto-generated complaint note",returned,None,43,12.32,1,0
bab3460a-c1f8-11f0-8e3d-489ebd4daa67,9809f7d5-c1f8-11f0-8e3d-489ebd4daa67,CUS_1_00041,RST_1_011,1,Berlin,COU_1_0871,Courier_COU_1_0871,late_delivery,"Auto-generated complaint note",returned,None,26,12.15,1,0
bab3472a-c1f8-11f0-8e3d-489ebd4daa67,9809fae3-c1f8-11f0-8e3d-489ebd4daa67,CUS_1_00040,RST_1_011,1,Berlin,COU_1_0871,Courier_COU_1_0871,missing_item,"Auto-generated complaint note",returned,None,35,46.55,1,0
bab34907-c1f8-11f0-8e3d-489ebd4daa67,980a03fe-c1f8-11f0-8e3d-489ebd4daa67,CUS_1_00022,RST_1_011,1,Berlin,COU_1_0871,Courier_COU_1_0871,late_delivery,"Auto-generated complaint note",failed,None,30,14.77,1,0
bab34a68-c1f8-11f0-8e3d-489ebd4daa67,980a0943-c1f8-11f0-8e3d-489ebd4daa67,CUS_1_00075,RST_1_011,1,Berlin,COU_1_0871,Courier_COU_1_0871,missing_item,"Auto-generated complaint note",failed,None,42,34.89,1,0
bab34b52-c1f8-11f0-8e3d-489ebd4daa67,980a0a95-c1f8-11f0-8e3d-489ebd4daa67,CUS_1_00099,RST_1_011,1,Berlin,COU_1_0871,Courier_COU_1_0871,missing_item,"Auto-generated complaint note",cancelled,None,38,44.94,1,1
bab34c20-c1f8-11f0-8e3d-489ebd4daa67,980a0b78-c1f8-11f0-8e3d-489ebd4daa67,CUS_1_00030,RST_1_011,1,Berlin,COU_1_0871,Courier_COU_1_0871,missing_item,"Auto-generated complaint note",failed,None,40,11.08,1,0
bab34ced-c1f8-11f0-8e3d-489ebd4daa67,980a0c54-c1f8-11f0-8e3d-489ebd4daa67,CUS_1_00100,RST_1_011,1,Berlin,COU_1_0871,Courier_COU_1_0871,missing_item,"Auto-generated complaint note",cancelled,None,38,25,1,1
bab34e4e-c1f8-11f0-8e3d-489ebd4daa67,980a1186-c1f8-11f0-8e3d-489ebd4daa67,CUS_1_00068,RST_1_011,1,Berlin,COU_1_0871,Courier_COU_1_0871,missing_item,"Auto-generated complaint note",failed,None,37,22.59,1,0
bab35158-c1f8-11f0-8e3d-489ebd4daa67,980a25ed-c1f8-11f0-8e3d-489ebd4daa67,CUS_1_00033,RST_1_011,1,Berlin,COU_1_0871,Courier_COU_1_0871,missing_item,"Auto-generated complaint note",failed,None,25,30.48,1,0
bab35401-c1f8-11f0-8e3d-489ebd4daa67,980a3449-c1f8-11f0-8e3d-489ebd4daa67,CUS_1_00099,RST_1_011,1,Berlin,COU_1_0871,Courier_COU_1_0871,missing_item,"Auto-generated complaint note",cancelled,None,34,9.75,1,1
bab354e4-c1f8-11f0-8e3d-489ebd4daa67,980a352c-c1f8-11f0-8e3d-489ebd4daa67,CUS_1_00030,RST_1_011,1,Berlin,COU_1_0871,Courier_COU_1_0871,missing_item,"Auto-generated complaint note",failed,None,25,14.53,1,0
bab355ca-c1f8-11f0-8e3d-489ebd4daa67,980a3679-c1f8-11f0-8e3d-489ebd4daa67,CUS_1_00014,RST_1_011,1,Berlin,COU_1_0871,Courier_COU_1_0871,rude_courier,"Auto-generated complaint note",returned,None,35,32.28,1,0
bab3578d-c1f8-11f0-8e3d-489ebd4daa67,980a3edc-c1f8-11f0-8e3d-489ebd4daa67,CUS_1_00090,RST_1_011,1,Berlin,COU_1_0871,Courier_COU_1_0871,missing_item,"Auto-generated complaint note",returned,None,34,41.82,1,0
bab358b3-c1f8-11f0-8e3d-489ebd4daa67,980a4258-c1f8-11f0-8e3d-489ebd4daa67,CUS_1_00036,RST_1_011,1,Berlin,COU_1_0871,Courier_COU_1_0871,rude_courier,"Auto-generated complaint note",returned,None,44,19.7,1,0
bab35a3d-c1f8-11f0-8e3d-489ebd4daa67,980a460e-c1f8-11f0-8e3d-489ebd4daa67,CUS_1_00020,RST_1_011,1,Berlin,COU_1_0871,Courier_COU_1_0871,missing_item,"Auto-generated complaint note",returned,None,27,47.87,1,0
bab35c8c-c1f8-11f0-8e3d-489ebd4daa67,980a4fe1-c1f8-11f0-8e3d-489ebd4daa67,CUS_6_00005,RST_6_040,6,Stuttgart,COU_6_0879,Courier_COU_6_0879,rude_courier,"Auto-generated complaint note",failed,None,31,33.41,1,0
bab35db3-c1f8-11f0-8e3d-489ebd4daa67,980a519c-c1f8-11f0-8e3d-489ebd4daa67,CUS_6_00067,RST_6_040,6,Stuttgart,COU_6_0879,Courier_COU_6_0879,late_delivery,"Auto-generated complaint note",cancelled,None,47,15.68,1,1
bab35ea4-c1f8-11f0-8e3d-489ebd4daa67,980a5353-c1f8-11f0-8e3d-489ebd4daa67,CUS_6_00019,RST_6_040,6,Stuttgart,COU_6_0879,Courier_COU_6_0879,late_delivery,"Auto-generated complaint note",cancelled,None,37,44.97,1,1
bab36054-c1f8-11f0-8e3d-489ebd4daa67,980a5bab-c1f8-11f0-8e3d-489ebd4daa67,CUS_6_00014,RST_6_040,6,Stuttgart,COU_6_0879,Courier_COU_6_0879,late_delivery,"Auto-generated complaint note",cancelled,None,40,16.02,1,1
bab3613f-c1f8-11f0-8e3d-489ebd4daa67,980a5cf5-c1f8-11f0-8e3d-489ebd4daa67,CUS_6_00080,RST_6_040,6,Stuttgart,COU_6_0879,Courier_COU_6_0879,rude_courier,"Auto-generated complaint note",returned,None,34,8.7,1,0
bab36238-c1f8-11f0-8e3d-489ebd4daa67,980a5f15-c1f8-11f0-8e3d-489ebd4daa67,CUS_6_00027,RST_6_040,6,Stuttgart,COU_6_0879,Courier_COU_6_0879,late_delivery,"Auto-generated complaint note",returned,None,35,8.03,1,0
bab36323-c1f8-11f0-8e3d-489ebd4daa67,980a60cc-c1f8-11f0-8e3d-489ebd4daa67,CUS_6_00033,RST_6_040,6,Stuttgart,COU_6_0879,Courier_COU_6_0879,late_delivery,"Auto-generated complaint note",cancelled,None,46,42.12,1,1
bab363ef-c1f8-11f0-8e3d-489ebd4daa67,980a61a3-c1f8-11f0-8e3d-489ebd4daa67,CUS_6_00091,RST_6_040,6,Stuttgart,COU_6_0879,Courier_COU_6_0879,late_delivery,"Auto-generated complaint note",delivered,None,38,28.43,1,0
bab364ad-c1f8-11f0-8e3d-489ebd4daa67,980a628b-c1f8-11f0-8e3d-489ebd4daa67,CUS_6_00045,RST_6_040,6,Stuttgart,COU_6_0879,Courier_COU_6_0879,late_delivery,"Auto-generated complaint note",returned,None,37,9.26,1,0
bab365d0-c1f8-11f0-8e3d-489ebd4daa67,980a66c1-c1f8-11f0-8e3d-489ebd4daa67,CUS_6_00077,RST_6_040,6,Stuttgart,COU_6_0879,Courier_COU_6_0879,late_delivery,"Auto-generated complaint note",delivered,None,32,42.42,1,0
bab3669b-c1f8-11f0-8e3d-489ebd4daa67,980a672b-c1f8-11f0-8e3d-489ebd4daa67,CUS_6_00041,RST_6_040,6,Stuttgart,COU_6_0879,Courier_COU_6_0879,late_delivery,"Auto-generated complaint note",returned,None,29,36.25,1,0
bab36998-c1f8-11f0-8e3d-489ebd4daa67,980a683e-c1f8-11f0-8e3d-489ebd4daa67,CUS_6_00060,RST_6_040,6,Stuttgart,COU_6_0879,Courier_COU_6_0879,late_delivery,"Auto-generated complaint note",returned,None,31,20.79,1,0
bab36b7a-c1f8-11f0-8e3d-489ebd4daa67,980a6ee0-c1f8-11f0-8e3d-489ebd4daa67,CUS_6_00074,RST_6_040,6,Stuttgart,COU_6_0879,Courier_COU_6_0879,late_delivery,"Auto-generated complaint note",delivered,None,41,39.98,1,0
bab36c6b-c1f8-11f0-8e3d-489ebd4daa67,980a7027-c1f8-11f0-8e3d-489ebd4daa67,CUS_6_00083,RST_6_040,6,Stuttgart,COU_6_0879,Courier_COU_6_0879,rude_courier,"Auto-generated complaint note",returned,None,33,24.3,1,0
bab36de0-c1f8-11f0-8e3d-489ebd4daa67,980a75a7-c1f8-11f0-8e3d-489ebd4daa67,CUS_6_00048,RST_6_040,6,Stuttgart,COU_6_0879,Courier_COU_6_0879,late_delivery,"Auto-generated complaint note",returned,None,31,37.04,1,0
bab36ebb-c1f8-11f0-8e3d-489ebd4daa67,980a767f-c1f8-11f0-8e3d-489ebd4daa67,CUS_6_00047,RST_6_040,6,Stuttgart,COU_6_0879,Courier_COU_6_0879,missing_item,"Auto-generated complaint note",cancelled,None,42,21.47,1,1
bab36fc2-c1f8-11f0-8e3d-489ebd4daa67,980a790d-c1f8-11f0-8e3d-489ebd4daa67,CUS_6_00007,RST_6_040,6,Stuttgart,COU_6_0879,Courier_COU_6_0879,missing_item,"Auto-generated complaint note",cancelled,None,47,33.28,1,1
bab37181-c1f8-11f0-8e3d-489ebd4daa67,980a8175-c1f8-11f0-8e3d-489ebd4daa67,CUS_6_00068,RST_6_040,6,Stuttgart,COU_6_0879,Courier_COU_6_0879,rude_courier,"Auto-generated complaint note",returned,wrong_item,32,9.27,1,0
bab372f3-c1f8-11f0-8e3d-489ebd4daa67,980a883a-c1f8-11f0-8e3d-489ebd4daa67,CUS_6_00081,RST_6_040,6,Stuttgart,COU_6_0879,Courier_COU_6_0879,rude_courier,"Auto-generated complaint note",returned,None,45,46.37,1,0
bab373d6-c1f8-11f0-8e3d-489ebd4daa67,980a897e-c1f8-11f0-8e3d-489ebd4daa67,CUS_6_00066,RST_6_040,6,Stuttgart,COU_6_0879,Courier_COU_6_0879,rude_courier,"Auto-generated complaint note",returned,wrong_item,47,26.22,1,0
bab37560-c1f8-11f0-8e3d-489ebd4daa67,980a901d-c1f8-11f0-8e3d-489ebd4daa67,CUS_6_00099,RST_6_040,6,Stuttgart,COU_6_0879,Courier_COU_6_0879,rude_courier,"Auto-generated complaint note",delivered,None,32,10.79,1,0
bab376ee-c1f8-11f0-8e3d-489ebd4daa67,980a95d5-c1f8-11f0-8e3d-489ebd4daa67,CUS_6_00057,RST_6_040,6,Stuttgart,COU_6_0879,Courier_COU_6_0879,late_delivery,"Auto-generated complaint note",delivered,None,40,21.38,1,0
bab3782e-c1f8-11f0-8e3d-489ebd4daa67,980a9a27-c1f8-11f0-8e3d-489ebd4daa67,CUS_6_00015,RST_6_040,6,Stuttgart,COU_6_0879,Courier_COU_6_0879,late_delivery,"Auto-generated complaint note",failed,None,36,27.4,1,0
bab379ac-c1f8-11f0-8e3d-489ebd4daa67,980aa0ac-c1f8-11f0-8e3d-489ebd4daa67,CUS_6_00094,RST_6_040,6,Stuttgart,COU_6_0879,Courier_COU_6_0879,missing_item,"Auto-generated complaint note",failed,None,37,18,1,0
